name,id,description,language,open_issues,stargazers_count,topics,watchers_count,readme,config
b'generator-hoodie',11817395,,b'JavaScript',0,0,,0,"IyBHZW5lcmF0b3ItaG9vZGllClshW0J1aWxkIFN0YXR1c10oaHR0cHM6Ly9z
ZWN1cmUudHJhdmlzLWNpLm9yZy9yby1rYS9nZW5lcmF0b3ItaG9vZGllLnBu
Zz9icmFuY2g9bWFzdGVyKV0oaHR0cHM6Ly90cmF2aXMtY2kub3JnL3JvLWth
L2dlbmVyYXRvci1ob29kaWUpCgpBIHllb21hbiBnZW5lcmF0b3IgZm9yIGhv
b2RpZSBhcHBzLgoKIyMgR2V0dGluZyBzdGFydGVkCi0gTWFrZSBzdXJlIHlv
dSBoYXZlIFt5b10oaHR0cHM6Ly9naXRodWIuY29tL3llb21hbi95bykgaW5z
dGFsbGVkOgogICAgYG5wbSBpbnN0YWxsIC1nIHlvYAotIEluc3RhbGwgdGhl
IGdlbmVyYXRvcjogYG5wbSBpbnN0YWxsIC1nIGdlbmVyYXRvci1ob29kaWVg
Ci0gUnVuOiBgeW8gaG9vZGllYAoKIyMgTGljZW5zZQpbTUlUIExpY2Vuc2Vd
KGh0dHA6Ly9lbi53aWtpcGVkaWEub3JnL3dpa2kvTUlUX0xpY2Vuc2UpCg==
","bGFuZ3VhZ2U6IG5vZGVfanMKbm9kZV9qczoKICAtICcwLjgnCiAgLSAnMC4x
MCcK
"
b'AddicusAddingSolution',18885850,,b'JavaScript',5,1,,1,"QWRkaWN1cyBBZGRpbmcgU29sdXRpb24KPT09PT09PT09PT09PT09PT09PT09
PT0KQSBkZW1vIHByb2plY3QgdG8gbGVhcm4gaG93IHRvIHByb2R1Y2UgYSB3
ZWIgYXBwLgoKClNldHVwIGFuZCBJbnN0YWxsYXRpb24KPT09PT09PT09PT09
PT09PT09PT09PQoxLiAgRG93bmxvYWQgYW5kIGluc3RhbGwgZ2l0LiAgUmVh
ZCBodHRwOi8vZ2l0LXNjbS5jb20vYm9vay9lbi9HZXR0aW5nLVN0YXJ0ZWQt
SW5zdGFsbGluZy1HaXQgZm9yIGluc3RydWN0aW9ucyBwZXJ0YWluaW5nIHRv
IHlvdXIgb3BlcmF0aW5nIHN5c3RlbS4KCjIuICBTZXQgdXAgeW91ciBTU0gg
a2V5IGJ5IGZvbGxvd2luZyB0aGUgaW5zdHJ1Y3Rpb25zIGhlcmUgaHR0cHM6
Ly9oZWxwLmdpdGh1Yi5jb20vYXJ0aWNsZXMvZ2VuZXJhdGluZy1zc2gta2V5
cy4gIFRoZW4gZ28gdG8geW91ciAid29ya2luZy9oYWNraW5nIiBkaXJlY3Rv
cnkgYW5kIHR5cGUgdGhlIGZvbGxvd2luZyBvbiB0aGUgY29tbWFuZCBsaW5l
OgoKICAgICAgICBnaXQgY2xvbmUgZ2l0QGdpdGh1Yi5jb206Y2xvdWQtY2l0
eS1jb2RlcnMvQWRkaWN1c0FkZGluZ1NvbHV0aW9uLmdpdAoKMy4gIERvd25s
b2FkIGFuZCBpbnN0YWxsIG5vZGUgZnJvbSBodHRwOi8vbm9kZWpzLm9yZy9k
b3dubG9hZC8uIG5wbSB3aWxsIGJlIGluc3RhbGxlZCBhbG9uZyB3aXRoIG5v
ZGUuCgo0LiAgR28gdG8gdGhlIEFkZGljdXNMZWFybmluZ1NvbHV0aW9uIGRp
cmVjdG9yeToKCiAgICAgICAgY2QgQWRkaWN1c0xlYXJuaW5nU29sdXRpb24K
CjYuICBJbnN0YWxsL3VwZGF0ZSBhbnkgbm9kZSBkZXBlbmRlbmNpZXMgdGhh
dCBhcmUgc3BlY2lmaWVkIGluIHBhY2thZ2UuanNvbiwgd2hpY2ggaXMgbG9j
YXRlZCBpbiB0aGUgcm9vdCBkaXJlY3RvcnkuICBUeXBlIHRoZSBmb2xsb3dp
bmcgb24gdGhlIGNvbW1hbmQgbGluZToKCiAgICAgICAgbnBtIGluc3RhbGwK
CjcuICBTeW5jL3Jlc3luYyB3aXRoIHRoZSByZW1vdGUgZ2l0aHViIHJlcG9z
aXRvcnkuIFR5cGUgdGhlIGZvbGxvd2luZyBvbiB0aGUgY29tbWFuZCBsaW5l
OgoKICAgICAgICBnaXQgZmV0Y2gKCjguICBDaGFuZ2UgdG8gdGhlICJsZWFy
bmluZyIgYnJhbmNoLiBUeXBlIHRoZSBmb2xsb3dpbmcgb24gdGhlIGNvbW1h
bmQgbGluZToKCiAgICAgICAgZ2l0IGNoZWNrb3V0IGxlYXJuaW5nCgo5LiAg
UnVuIHRoZSBhcHBsaWNhdGlvbi4gVHlwZSB0aGUgZm9sbG93aW5nIG9uIHRo
ZSBjb21tYW5kIGxpbmU6CgogICAgICAgIG5vZGUgYXBwLmpzCgoxMC4gQnJv
d3NlIHRvIGh0dHA6Ly9sb2NhbGhvc3Q6MjAxNCB0byB2aWV3IHRoZSBhcHBs
aWNhdGlvbiBpbiBhY3Rpb24uCgoxMS4gVmlzaXQgaHR0cHM6Ly9odWJvYXJk
LmNvbS9jbG91ZC1jaXR5LWNvZGVycy9BZGRpY3VzQWRkaW5nU29sdXRpb24g
dG8gY2hlY2sgb3V0IG91ciBrYW5iYW4gYm9hcmQuCgoKQnJhbmNoZXMKPT09
PT09PT0KLSAgIG1hc3RlcjogaW5pdGlhbCBicmFuY2gKLSAgIGxlYXJuaW5n
OiBpdGVyYXRlIG9uIHRoZSBjb2RlCi0gICBwaGFzZTEgKG9yIHNvbWUgb3Ro
ZXIgbmFtZSk6IHJlbGVhc2Ugc25hcHNob3QKLSAgIHBoYXNlMiAob3Igc29t
ZSBvdGhlciBuYW1lKTogcmVsZWFzZSBzbmFwc2hvdAotICAgcGhhc2UzIChv
ciBzb21lIG90aGVyIG5hbWUpOiByZWxlYXNlIHNuYXBzaG90Ci0gICBldGMK
CgpIaWdoLUxldmVsIFBsYW4gZm9yIFEyCj09PT09PT09PT09PT09PT09PT09
PT0KQXByaWw6Ci0tLS0tLQoxLiAgU2V0IHVwIG91ciBvcmdhbml6YXRpb24n
cyBnaXRodWIgcHJlc2VuY2UuCjIuICBTZXQgdXAgYSBrYW5iYW4gYm9hcmQu
CjMuICBXcml0ZSBhbmQgaXRlcmF0ZSBvbiBhIHNpbXBsZSB3ZWIgYXBwbGlj
YXRpb24gaW4gbm9kZS5qcy4KNC4gIEF1ZGl0IHNvbWUgaW5mcmFzdHJ1Y3R1
cmUgdG9vbHMuCgpNYXk6Ci0tLS0KMS4gIENyZWF0ZSBhIHdlYiBzaXRlIGZv
ciBvdXIgb3JnYW5pemF0aW9uLiBQb3NzaWJseSBhIGJsb2cgdG8gdHJhY2sg
b3VyIHByb2dyZXNzLgoyLiAgSW5jcmVhc2UgdGhlIGNvbXBsZXhpdHkgb2Yg
dGhlIHdlYiBhcHBsaWNhdGlvbi4KMy4gIEF1ZGl0IHZhcmlvdXMgZGF0YWJh
c2Ugc29sdXRpb25zIGFuZCB0ZWNobmlxdWVzLgo0LiAgVGlnaHRlbiB1cCB0
aGUgYnVpbGQvdGVzdC9kZXBsb3kgcHJvY2Vzcy4KNS4gIEFuZHJvaWQgdmVy
c2lvbiBvZiB0aGUgd2ViIGFwcGxpY2F0aW9uLgoKSnVuZToKLS0tLS0KMS4g
IFdyaXRlIHNvbWUgYmFja2VuZCBjb2RlIGluIEphdmEsIEMjLy5ORVQsIGFu
ZCBSdWJ5L1JhaWxzIHRvIGxlYXJuIGhvdyB0byB0ZXN0IGFuZCBkZXBsb3kg
aW4gdGhvc2UgcGFyYWRpZ21zLgoKClByb3Bvc2VkIERldmVsb3BtZW50IEl0
ZXJhdGlvbiBDeWNsZQo9PT09PT09PT09PT09PT09PT09PT09PT09PT09PT09
PT09PT0KMS4gIEFkZCBpc3N1ZSB0byBQcm9wb3NlZCB3aGVuIGZpcnN0IGNy
ZWF0aW5nIGFuIGlzc3VlLiAgTWFrZSBzdXJlIGFjY2VwdGFuY2UgY3JpdGVy
aWEgaXMgY2xlYXJseSBkZWZpbmVkLgoyLiAgTW92ZSBpc3N1ZSB0byBCYWNr
bG9nIHdoZW4gaXQgaXMgZnVsbHkgZmxlc2hlZCBvdXQgYW5kIGNvbnNpZGVy
ZWQgd29ydGh5IG9mIHNoYXJpbmcgd2l0aCB0aGUgdGVhbS4KMy4gIE1vdmUg
aXNzdWUgdG8gV29ya2luZyB3aGVuIGRldiB3b3JrIGJlZ2lucy4gIFByZWZl
cmFibHkgd3JpdGUgdGVzdHMgZmlyc3QsIGRlcGVuZGluZyBvbiBzY29wZSBh
bmQgdHlwZSBvZiBpc3N1ZSBiZWluZyB3b3JrZWQgb24uCjQuICBNb3ZlIGlz
c3VlIHRvIEludGVncmF0aW5nIHdoZW4gYWNjZXB0YW5jZSBjcml0ZXJpYSBp
cyBtZXQsIGFuZCBhbGwgdGVzdHMgcGFzcy4KNS4gIFJ1biBhIGJ1aWxkL2Rl
cGxveSBzY3JpcHQgdGhhdCB3aWxsIHB1c2ggYSBidWlsZCB0byBhIENJIGJy
YW5jaCwgcnVuIGF1dG9tYXRlZCB0ZXN0cywgYW5kIGVtYWlsIHBlZXJzIGZv
ciBjb2RlIHJldmlldy4KNi4gIElmIGJ1aWxkIGZhaWxzIG9yIGNvZGUgcmV2
aWV3IHJlcXVpcmVzIGEgcmVhY3Rpb24sIG1vdmUgSXNzdWUgdG8gV29ya2lu
ZyBhbmQgcmVwZWF0IGFnYWluIGZyb20gIzMuICBPdGhlcndpc2UsIG1vdmUg
aXNzdWUgdG8gQ29tcGxldGUuCgpTd2ltIExhbmVzOgotLS0tLS0tLS0tLQot
ICAgUHJvcG9zZWQKLSAgIEJhY2tsb2cKLSAgIFdvcmtpbmcKLSAgIEludGVn
cmF0aW5nCi0gICBDb21wbGV0ZWQKCiJRQSIgYXQgbXVsdGlwbGUgc3RlcHMg
b2YgdGhlIHByb2Nlc3M6Ci0tLS0tLS0tLS0tLS0tLS0tLS0tLS0tLS0tLS0t
LS0tLS0tLS0tCjEuICBFbnN1cmUgdGhhdCBhbiBpc3N1ZSBiZWluZyBtb3Zl
ZCBmcm9tIFByb3Bvc2VkIHRvIEJhY2tsb2cgaGFzIGNsZWFyIGFjY2VwdGFu
Y2UgY3JpdGVyaWEgYW5kIGxpbmtzIHRvIGFueSBuZWNlc3NhcnkgZG9jdW1l
bnRpb24gYW5kIGFzc2V0cy4gIElzc3VlIG11c3QgYmUgd2VsbC1jcmFmdGVk
IHNvIGl0IGNhbiBiZSBlYXNpbHkgY29uc3VtZWQgZm9yIGRldmVsb3BtZW50
IHB1cnBvc2VzLgoyLiAgRW5zdXJlIHRoYXQgdW5pdCB0ZXN0cywgZnVuY3Rp
b25hbCB0ZXN0cywgYW5kIGludGVncmF0aW9uIHRlc3RzIGhhdmUgYmVlbiB3
cml0dGVuICh1cCB0byBhIHJlYWxpc3RpYyBsZXZlbCkgYmVmb3JlIGRldiB3
b3JrIGJlZ2lucyBvbiBhbiBpc3N1ZS4gIFdyaXRpbmcgdGVzdCBjb2RlIGhh
cHBlbnMgZHVyaW5nIHRoZSBXb3JraW5nIHBoYXNlLgozLiAgRW5zdXJlIHRo
YXQgY29kZSBtZWV0cyBzeW50YWN0aWNhbCBhbmQgaW1wbGVtZW50YXRpb24g
c3RhbmRhcmRzLiAgRW5zdXJlIHRoYXQgYXBwbGljYXRpb24gaGFzIG5vIGlu
dGVncmF0aW9uIGVycm9ycyBieSBwZXJmb3JtaW5nIGEgbWFudWFsIGJ1ZyBi
YXNoLiAgVGhpcyBhbGwgaGFwcGVucyBkdXJpbmcgdGhlIEludGVncmF0aW9u
IHBoYXNlLgo=
","bGFuZ3VhZ2U6IG5vZGVfanMKICAgIG5vZGVfanM6CiAgICAgICAgLSAiMC4x
MCIK
"
b'amaran-laravel',29668285,b'AmaranJS stylish notification for your laravel application.',b'PHP',2,24,,24,"QW1hcmFuSlMgTGFyYXZlbCA1IFBhY2thZ2UKPT09PT09PT09PT09PT09PT09
PT09PT09PT0KWyFbTGFyYXZlbF0oaHR0cHM6Ly9pbWcuc2hpZWxkcy5pby9i
YWRnZS9MYXJhdmVsLTUuMC1vcmFuZ2Uuc3ZnP3N0eWxlPWZsYXQtc3F1YXJl
KV0oaHR0cDovL2xhcmF2ZWwuY29tKQpbIVtTb3VyY2VdKGh0dHA6Ly9pbWcu
c2hpZWxkcy5pby9iYWRnZS9zb3VyY2UtaGFrYW5lcnN1L2FtYXJhbmxhcmF2
ZWwtYmx1ZS5zdmc/c3R5bGU9ZmxhdC1zcXVhcmUpXShodHRwczovL2dpdGh1
Yi5jb20vaGFrYW5lcnN1L2FtYXJhbi1sYXJhdmVsKQpbIVtMaWNlbnNlXSho
dHRwOi8vaW1nLnNoaWVsZHMuaW8vYmFkZ2UvbGljZW5zZS1NSVQtYnJpZ2h0
Z3JlZW4uc3ZnP3N0eWxlPWZsYXQtc3F1YXJlKV0oaHR0cHM6Ly90bGRybGVn
YWwuY29tL2xpY2Vuc2UvbWl0LWxpY2Vuc2UpCgpbQW1hcmFuSlNdWzFdIEw1
IHBhY2thZ2UgaXMgYSBMYXJhdmVsIHdyYXBwZXIgZm9yIG15IGpxdWVyeSBw
bHVnaW4gW0FtYXJhbkpTXVsxXS5Zb3UgY2FuIGNyZWF0ZSBlYXN5IGFuZCBz
dHlsaXNoIG5vdGlmaWNhdGlvbnMgd2l0aCBbQW1hcmFuSlNdWzFdLgoKUGFj
a2FnZSBEZW1vOiBodHRwOi8vZXJzdS5tZS9sYXJhdmVsLWFtYXJhbmpzCgpJ
bnN0YWxsYXRpb24KLS0tLS0tLS0tLS0tCkJlZ2luIGJ5IGluc3RhbGxpbmcg
dGhlIHBhY2thZ2UgdGhyb3VnaCBDb21wb3Nlci4gWW91IGNhbiBhZGQgeW91
ciBjb21wb3Nlci5qc29uIHJlcXVpcmUgc2VjdGlvbjoKYGBganNvbgoieHVt
YS9sYXJhdmVsLWFtYXJhbiI6ICIxLjEuMCIKYGBgCkRvbid0IGZvcmdldCB0
byB1cGRhdGUgYGNvbXBvc2VyIHVwZGF0ZWAuCgpPbmNlIHRoaXMgb3BlcmF0
aW9uIGlzIGNvbXBsZXRlLCBzaW1wbHkgYWRkIGJvdGggdGhlIHNlcnZpY2Ug
cHJvdmlkZXIgYW5kIGZhY2FkZSBjbGFzc2VzIHRvIHlvdXIgcHJvamVjdCdz
IGBjb25maWcvYXBwLnBocGAgZmlsZToKCiMjIyMgU2VydmljZSBQcm92aWRl
cgpgYGBwaHAKWHVtYVxBbWFyYW5cQW1hcmFuU2VydmljZVByb3ZpZGVyOjpj
bGFzcywKYGBgCiMjIyMgRmFjYWRlCmBgYHBocAonQW1hcmFuJyA9PiBYdW1h
XEFtYXJhblxGYWNhZGVzXEFtYXJhbjo6Y2xhc3MsCmBgYAoKIyMjIyBJbnN0
YWxsaW5nIEFtYXJhbkpTIGpRdWVyeSBQbHVnaW4KCllvdSBjYW4gY2hvb3Nl
IHRvIGluc3RhbGwgQW1hcmFuSlMgbWFudWFsbHkgb3IgeW91IGNhbiBwdWJs
aXNoIGFzc2V0cy4KCklmIHlvdSBjaG9vc2UgaW5zdGFsbCBtYW51YWxseSwg
ZXh0cmFjdCB5b3VyIFtBbWFyYW5KU11bMV0gZmlsZXMgdG8gcHVibGljLyBk
aXJlY3RvcnkuIFlvdSBjYW4gZmluZCBpbnN0YWxsYXRpb24gZG9jdW1lbnRh
dGlvbiBvZiBbQW1hcmFuSlNdWzFdIFtoZXJlXVsxXS4KCllvdSBjYW4gcHVi
bGlzaCBhc3NldHMgd2l0aCBiZWxvdyBjb21tYW5kIGFuZCBhc3NldHMgd2ls
bCBiZSBwbGFjZWQgaW4gL2NzcywgL2pzIGZvbGRlcnMuCgpgYGBwaHAKcGhw
IGFydGlzYW4gdmVuZG9yOnB1Ymxpc2ggLS1wcm92aWRlcj0iWHVtYVxBbWFy
YW5cQW1hcmFuU2VydmljZVByb3ZpZGVyIiAtLXRhZz0iYXNzZXRzIgpgYGAK
CiMjIyMgRGVmYXVsdCBjb25maWd1cmF0aW9uLgoKSWYgeW91IHdhbnQgdG8g
dXNlIHNhbWUgY29uZmlndXJhdGlvbiBieSBkZWZhdWx0IHlvdSBjYW4gdXNl
IGNvbmZpZ3VyYXRpb24gZmlsZS4gWW91IGNhbiBwdWJsaXNoIGNvbmZpZ3Vy
YXRpb24gZmlsZSB3aXRoIGJlbG93IGNvbW1hbmQuCgpgYGBwaHAKcGhwIGFy
dGlzYW4gdmVuZG9yOnB1Ymxpc2ggLS1wcm92aWRlcj0iWHVtYVxBbWFyYW5c
QW1hcmFuU2VydmljZVByb3ZpZGVyIiAtLXRhZz0iY29uZmlnIgpgYGAKCiMj
IyMgQWRkaW5nIE91dHB1dCBWaWV3CgpBZGQgcmVxdWlyZWQgdmlldyBhZnRl
ciB5b3VyIGpRdWVyeSBhbmQgQW1hcmFuSlMgbGlua3MuCgpgYGBwaHAKQGlu
Y2x1ZGUoJ2FtYXJhbjo6amF2YXNjcmlwdCcpCmBgYAoKRXhhbXBsZToKCmBg
YHBocAo8c2NyaXB0IHNyYz0iLy9jZG4uanNkZWxpdnIubmV0L2pxdWVyeS8y
LjEuMy9qcXVlcnkuanMiPjwvc2NyaXB0Pgo8c2NyaXB0IHNyYz0ianMvanF1
ZXJ5LmFtYXJhbi5qcyI+PC9zY3JpcHQ+CkBpbmNsdWRlKCdhbWFyYW46Omph
dmFzY3JpcHQnKQpgYGAKClVzYWdlCi0tLS0tCgpVc2FnZSBpcyB2ZXJ5IHNp
bXBsZS5JZiB5b3Ugd2FudCB0byB1c2UgZGVmYXVsdCB0aGVtZTsKCmBgYHBo
cApBbWFyYW46OmNvbnRlbnQoWydtZXNzYWdlJz0+J0hlbGxvIFdvcmxkISdd
KS0+Y3JlYXRlKCk7CmBgYAoKIyMjIyBVc2luZyBBbWFyYW5KUyBGdW5jdGlv
bnMKCllvdSBjYW4gdXNlIG1vc3QgW0FtYXJhbkpTXVsxXSBmdW5jdGlvbnMg
YXMgbWV0aG9kcyBsaWtlIDoKCmBgYHBocApBbWFyYW46OmNvbnRlbnQoWyAn
bWVzc2FnZSc9PidIZWxsbyBXb3JsZCEnXSkKICAgIC0+cG9zaXRpb24oJ3Rv
cCByaWdodCcpCiAgICAtPmluRWZmZWN0KCdzbGlkZVJpZ2h0JykKICAgIC0+
b3V0RWZmZWN0KCdzbGlkZUJvdHRvbScpCiAgICAtPnN0aWNreSh0cnVlKQog
ICAgLT5jcmVhdGUoKTsKYGBgCgojIyMjIEJpbmRpbmcgSmF2YXNjcmlwdCBF
dmVudHMgdG8gRWxlbWVudApZb3UgY2FuIGRlZmluZSBqYXZhc2NyaXB0IGV2
ZW50cyB3aXRoIGBiaW5kKClgIG1ldGhvZApgYGBwaHAKQW1hcmFuOjpjb250
ZW50KFsnbWVzc2FnZSc9PidIZWxsbyBXb3JsZCEnXSkKICAgIC0+cG9zaXRp
b24oJ3RvcCByaWdodCcpCiAgICAtPmJpbmQoJyNzdGFydCcsJ2NsaWNrJykK
ICAtID5jcmVhdGUoKTsKYGBgCgojIyMjIFVzaW5nIGFzIEZsYXNoIE1lc3Nh
Z2UKTm9ybWFsbHkgQW1hcmFuSlMgYmluZCB0byBjdXJyZW50IHZpZXcgYnV0
IHlvdSBjYW4gYWRkIGBgYC0+Zmxhc2goKWBgYCBtZXRob2QgZm9yIGJpbmQg
dG8gcmVkaXJlY3RlZCBtZXRob2RzIHZpZXcuCgpgYGBwaHAKQW1hcmFuOjpj
b250ZW50KFsnbWVzc2FnZSc9PidIZWxsbyBXb3JsZCddKS0+Zmxhc2goKS0+
Y3JlYXRlKCk7CmBgYAoKVGhlbWUgVXNhZ2UKLS0tLS0KClRoZW1lIHVzYWdl
IGlzIHNpbXBsZSBqdXN0IHNldCB0aGVtZSBuYW1lIGFuZCBzZXQgY29udGVu
dCBhcyB0aGVtZSB0ZW1wbGF0ZSBhcnJheS4KYGBgcGhwCkFtYXJhbjo6dGhl
bWUoJ2F3ZXNvbWUgb2snKS0+Y29udGVudChbCiAgICAgICAgJ3RpdGxlJz0+
J015IGZpcnN0IGZ1bmN5IGV4YW1wbGUhJywKICAgICAgICAnbWVzc2FnZSc9
PicxLjQgR0InLAogICAgICAgICdpbmZvJz0+J215X2JpcnRoZGF5Lm1wNCcs
CiAgICAgICAgJ2ljb24nPT4nZmEgZmEtZG93bmxvYWQnCiAgICBdKS0+Y3Jl
YXRlKCk7CmBgYCAgICAKCj4gTGl0dGxlIG5vdGUgaWYgeW91IHdhbnQgdG8g
dXNlIGF3ZXNvbWUgdGhlbWUgeW91IGhhdmUgdG8gaW5jbHVkZSBbZm9udCBh
d2Vzb21lXVsyXS4KClsxXTogaHR0cHM6Ly9naXRodWIuY29tL2hha2FuZXJz
dS9BbWFyYW5KUwpbMl06IGh0dHA6Ly9mb3J0YXdlc29tZS5naXRodWIuaW8v
Rm9udC1Bd2Vzb21lL2ljb25zLwo=
","bGFuZ3VhZ2U6IHBocAoKcGhwOgogIC0gNS40CiAgLSA1LjUKICAtIDUuNgog
IC0gaGh2bQoKYmVmb3JlX3NjcmlwdDoKICAtIGNvbXBvc2VyIGluc3RhbGwg
LS1wcmVmZXItc291cmNlIC0tbm8taW50ZXJhY3Rpb24gLS1kZXYKCnNjcmlw
dDogcGhwdW5pdCAtLWNvdmVyYWdlLWNsb3Zlcj1jb3ZlcmFnZS5jbG92ZXIK
"
b'nodegame-requirements',36677866,,b'JavaScript',0,0,,0,"IyBub2RlR2FtZSBSZXF1aXJlbWVudHMKCkNvbGxlY3Rpb24gb2YgZGVmYXVs
dCByZXF1aXJlbWVudHMgZnVuY3Rpb25zLgoKUmVxdWlyZW1lbnRzIGFyZSB0
aGluZ3MgbGlrZTogbWluIHNjcmVlbiByZXNvbHV0aW9uLCBjb25uZWN0aW9u
IHNwZWVkLCBjb29raWVzIGFjY2VwdGFuY2UsIGV0Yy4KCkZvciBicm93c2Vy
IGRldGVjdGlvbiBhIGZvcmsgb2YgW3VhLXBhcnNlci1qc10oaHR0cHM6Ly93
d3cubnBtanMuY29tL3BhY2thZ2UvdWEtcGFyc2VyLWpzKSBpcyB1c2VkLgoK
IyMgUmVzb3VyY2VzCgotIFtub2RlR2FtZSBEb2N1bWVudGF0aW9uXShodHRw
czovL2dpdGh1Yi5jb20vbm9kZUdhbWUvbm9kZWdhbWUvd2lraSkKCiMjIExp
Y2Vuc2UKCltNSVRdKExJQ0VOU0UpCg==
","Omxhbmd1YWdlOiBub2RlX2pzCm5vZGVfanM6CiAgLSAiMC4xMCIKICAtICIw
LjEyIgogIC0gIjEuMCIKICAtICIxLjgiCiAgLSAiMi4wIgo=
"
b'ansible-role-cli',42505519,"b'Ansible role to sets up a complete CLI environment on OSX. This role is part of the Superlumic project that aims to simplify repeat computer setups on OSX, 10.10 and up.'",b'Shell',0,0,,0,"IyBzdXBlcmx1bWljLWNsaQoKQW5zaWJsZSByb2xlIHRvIHNldHMgdXAgYSBj
b21wbGV0ZSBDTEkgZW52aXJvbm1lbnQgb24gT1NYLiBUaGlzIHJvbGUgaXMg
cGFydCBvZiB0aGUgU3VwZXJsdW1pYyBwcm9qZWN0IHRoYXQgYWltcyB0byBz
aW1wbGlmeSByZXBlYXQgY29tcHV0ZXIgc2V0dXBzIG9uIE9TWCwgMTAuMTAg
YW5kIHVwLgoKIyMgUmVxdWlyZW1lbnRzCgoqIE9TWCAxMC4xMCBvciAxMC4x
MQoKIyMgUm9sZSB2YXJpYWJsZXMKCmBgYHlhbWwKZ2l0X3VzZXJfbmFtZTog
WW91ciBOYW1lCmdpdF91c2VyX2VtYWlsOiB5b3VyQGVtYWlsLmFkZHJlc3MK
YGBgCgojIyBEZXBlbmRlbmNpZXMKCiogW3JvZGVyaWsuc3VwZXJsdW1pYy1o
b21lYnJld10oaHR0cHM6Ly9naXRodWIuY29tL3N1cGVybHVtaWMvYW5zaWJs
ZS1yb2xlLWhvbWVicmV3KQoqIFtyb2RlcmlrLnN1cGVybHVtaWMtb3N4LWRl
ZmF1bHRzXShodHRwczovL2dpdGh1Yi5jb20vc3VwZXJsdW1pYy9hbnNpYmxl
LXJvbGUtb3N4LWRlZmF1bHRzKQoKIyBVc2FnZQoKQ2hlY2sgW1N1cGVybHVt
aWNdKGh0dHBzOi8vZ2l0aHViLmNvbS9zdXBlcmx1bWljL3N1cGVybHVtaWMp
IGZvciBkb2N1bWVudGF0aW9uCgojIExpY2Vuc2UKCk1JVAoKIyBBdXRob3IK
CltSb2RlcmlrIHZhbiBkZXIgVmVlcl0obWFpbHRvOnJvZGVyaWtAc3VwZXJs
dW1pYy5jb20pIC0gW0ByMGRlcmlrXShodHRwczovL3R3aXR0ZXIuY29tL3Iw
ZGVyaWspCg==
","LS0tCi0gaG9zdHM6IDEyNy4wLjAuMQogIGNvbm5lY3Rpb246IGxvY2FsCgog
IHJvbGVzOgogICAgLSBhbnNpYmxlLXJvbGUtY2xpCg==
"
b'AFN',69317435,,b'JavaScript',1,0,,0,"IyBBRk4KCiFbXShodHRwczovL3RyYXZpcy1jaS5vcmcvZGFuaWVsZWxpZGlv
L0FGTi5zdmc/YnJhbmNoPW1hc3RlcikK
","bGFuZ3VhZ2U6IG5vZGVfanMKCiMgdGVzdCBvbiB0d28gbm9kZS5qcyB2ZXJz
aW9uczogMC42IGFuZCAwLjgKbm9kZV9qczoKICAtIDAuNgogIC0gMC44Cgoj
IGNvbmZpZ3VyZSBub3RpZmljYXRpb25zIChlbWFpbCwgSVJDLCBjYW1wZmly
ZSBldGMpCiMgcGxlYXNlIHVwZGF0ZSB0aGlzIHNlY3Rpb24gdG8geW91ciBu
ZWVkcyEKbm90aWZpY2F0aW9uczoKICBpcmM6ICJpcmMuZnJlZW5vZGUub3Jn
I3RyYXZpcyI=
"
b'xtCommerce_plugin',203772962,b'Connector for SAP',b'PHP',0,0,,0,"IyB4dENvbW1lcmNlX3BsdWdpbgoKIyBGYWN0b3J5IGxpbmUgbWFuYWdlcgoK
WyFbVHJhdmlzXVtidWlsZC1iYWRnZV1dW2J1aWxkXQpbIVtDb3ZlcmFsbHNd
W2NvdmVyYWxscy1iYWRnZV1dW2NvdmVyYWxsc10KCkF3ZXNvbWUgZmFjdG9y
eSBsaW5lIG1hbmFnZXIhCgpbYnVpbGQtYmFkZ2VdOiBodHRwczovL2ltZy5z
aGllbGRzLmlvL3RyYXZpcy9EZWVtYVBIUC94dENvbW1lcmNlX3BsdWdpbi9t
YXN0ZXIucG5nP3N0eWxlPWZsYXQtc3F1YXJlCltidWlsZF06IGh0dHBzOi8v
dHJhdmlzLWNpLm9yZy9EZWVtYVBIUC94dENvbW1lcmNlX3BsdWdpbgpbY292
ZXJhbGxzLWJhZGdlXTogaHR0cHM6Ly9pbWcuc2hpZWxkcy5pby9jb3ZlcmFs
bHMvRGVlbWFQSFAveHRDb21tZXJjZV9wbHVnaW4vbWFzdGVyLnBuZz9zdHls
ZT1mbGF0LXNxdWFyZQpbY292ZXJhbGxzXTogaHR0cHM6Ly9jb3ZlcmFsbHMu
aW8vZ2l0aHViL0RlZW1hUEhQL3h0Q29tbWVyY2VfcGx1Z2luCg==
","c3VkbzogZmFsc2UKCmxhbmd1YWdlOiBwaHAKcGhwOgogIC0gNy4yCgpicmFu
Y2hlczoKICBvbmx5OgogICAgLSBtYXN0ZXI=
"
b'portfolio',79684344,,b'CSS',0,0,,0,"IyBSZWFjdCBCYXNlZCBQb3J0Zm9saW8gQnVpbHQgb24gR2F0c2J5LmpzCgpC
dWlsdCBvbiBHYXRzYnkgU3RhcnRlciBMdW1lbgoKIyMgRmVhdHVyZXMKKyBJ
bmxpbmUgQ1NTLgorIENsZWFuIGFuZCBleHRlbnNpYmxlIGNvZGUuCisgU2l4
IHNpbXBsZSBjb21wb25lbnRzOiBTaXRlU2lkZWJhciwgU2l0ZU5hdiwgU2l0
ZUxpbmtzLCBTaXRlUG9zdCwgU2l0ZVBhZ2UsIFJlYWROZXh0LgorIFtwZXRl
cnJhbXNpbmcvbG9zdF0oaHR0cHM6Ly9naXRodWIuY29tL3BldGVycmFtc2lu
Zy9sb3N0KSBhcyBhIGJhc2UgZm9yIEdyaWQuCisgW21hdGVqbGF0aW4vR3V0
ZW5iZXJnXShodHRwczovL2dpdGh1Yi5jb20vbWF0ZWpsYXRpbi9HdXRlbmJl
cmcpIGFzIGEgYmFzZSBmb3IgVHlwb2dyYXBoeS4KCiMjIExpY2Vuc2UKVGhl
IE1JVCBMaWNlbnNlIChNSVQpCgpDb3B5cmlnaHQgKGMpIDIwMTYKClBlcm1p
c3Npb24gaXMgaGVyZWJ5IGdyYW50ZWQsIGZyZWUgb2YgY2hhcmdlLCB0byBh
bnkgcGVyc29uIG9idGFpbmluZyBhIGNvcHkKb2YgdGhpcyBzb2Z0d2FyZSBh
bmQgYXNzb2NpYXRlZCBkb2N1bWVudGF0aW9uIGZpbGVzICh0aGUgIlNvZnR3
YXJlIiksIHRvIGRlYWwKaW4gdGhlIFNvZnR3YXJlIHdpdGhvdXQgcmVzdHJp
Y3Rpb24sIGluY2x1ZGluZyB3aXRob3V0IGxpbWl0YXRpb24gdGhlIHJpZ2h0
cwp0byB1c2UsIGNvcHksIG1vZGlmeSwgbWVyZ2UsIHB1Ymxpc2gsIGRpc3Ry
aWJ1dGUsIHN1YmxpY2Vuc2UsIGFuZC9vciBzZWxsCmNvcGllcyBvZiB0aGUg
U29mdHdhcmUsIGFuZCB0byBwZXJtaXQgcGVyc29ucyB0byB3aG9tIHRoZSBT
b2Z0d2FyZSBpcwpmdXJuaXNoZWQgdG8gZG8gc28sIHN1YmplY3QgdG8gdGhl
IGZvbGxvd2luZyBjb25kaXRpb25zOgoKVGhlIGFib3ZlIGNvcHlyaWdodCBu
b3RpY2UgYW5kIHRoaXMgcGVybWlzc2lvbiBub3RpY2Ugc2hhbGwgYmUgaW5j
bHVkZWQgaW4gYWxsCmNvcGllcyBvciBzdWJzdGFudGlhbCBwb3J0aW9ucyBv
ZiB0aGUgU29mdHdhcmUuCgpUSEUgU09GVFdBUkUgSVMgUFJPVklERUQgIkFT
IElTIiwgV0lUSE9VVCBXQVJSQU5UWSBPRiBBTlkgS0lORCwgRVhQUkVTUyBP
UgpJTVBMSUVELCBJTkNMVURJTkcgQlVUIE5PVCBMSU1JVEVEIFRPIFRIRSBX
QVJSQU5USUVTIE9GIE1FUkNIQU5UQUJJTElUWSwKRklUTkVTUyBGT1IgQSBQ
QVJUSUNVTEFSIFBVUlBPU0UgQU5EIE5PTklORlJJTkdFTUVOVC4gSU4gTk8g
RVZFTlQgU0hBTEwgVEhFCkFVVEhPUlMgT1IgQ09QWVJJR0hUIEhPTERFUlMg
QkUgTElBQkxFIEZPUiBBTlkgQ0xBSU0sIERBTUFHRVMgT1IgT1RIRVIKTElB
QklMSVRZLCBXSEVUSEVSIElOIEFOIEFDVElPTiBPRiBDT05UUkFDVCwgVE9S
VCBPUiBPVEhFUldJU0UsIEFSSVNJTkcgRlJPTSwKT1VUIE9GIE9SIElOIENP
Tk5FQ1RJT04gV0lUSCBUSEUgU09GVFdBUkUgT1IgVEhFIFVTRSBPUiBPVEhF
UiBERUFMSU5HUyBJTiBUSEUKU09GVFdBUkUu
","IyBiYWNrIHRvIGxhbmd1YWdlIGNwcCB0byB0cnkgdG8gYnlwYXNzIG9zeCBu
b2RlIGZhaWx1cmUKbGFuZ3VhZ2U6IGNwcApzdWRvOiBmYWxzZQplbnY6CiAg
LSBleHBvcnQgTk9ERV9WRVJTSU9OPSIwLjEwIgogIC0gZXhwb3J0IE5PREVf
VkVSU0lPTj0iMC4xMiIKICAtIGV4cG9ydCBOT0RFX1ZFUlNJT049IjQiCiAg
LSBleHBvcnQgTk9ERV9WRVJTSU9OPSI1IgpvczoKICAtIGxpbnV4CiAgLSBv
c3gKIyBwcmUtaW5zdGFsbCB0byBicmluZyBpbiB0aGUgY29ycmVjdCB2ZXJz
aW9uIG9mIG5vZGUgdmlhIG52bQpiZWZvcmVfaW5zdGFsbDoKICAtIGdpdCBz
dWJtb2R1bGUgdXBkYXRlIC0taW5pdCAtLXJlY3Vyc2l2ZQogIC0gZ2l0IGNs
b25lIGh0dHBzOi8vZ2l0aHViLmNvbS9jcmVhdGlvbml4L252bS5naXQgLi8u
bnZtCiAgLSBzb3VyY2UgLi8ubnZtL252bS5zaAogIC0gbnZtIGluc3RhbGwg
JE5PREVfVkVSU0lPTgogIC0gbnZtIHVzZSAkTk9ERV9WRVJTSU9OCiAgLSBu
cG0gY29uZmlnIHNldCBweXRob24gYHdoaWNoIHB5dGhvbmAKICAtIGlmIFsg
JFRSQVZJU19PU19OQU1FID09ICJsaW51eCIgXTsgdGhlbgogICAgICBleHBv
cnQgQ0M9ImdjYy00LjgiOwogICAgICBleHBvcnQgQ1hYPSJnKystNC44IjsK
ICAgICAgZXhwb3J0IExJTks9ImdjYy00LjgiOwogICAgICBleHBvcnQgTElO
S1hYPSJnKystNC44IjsKICAgIGZpCiAgLSBnY2MgLS12ZXJzaW9uCiAgLSBn
KysgLS12ZXJzaW9uCiMgbm9kZSA0IGRlcGVuZHMgb24gZ2NjIDQuOAphZGRv
bnM6CiAgYXB0OgogICAgc291cmNlczoKICAgIC0gdWJ1bnR1LXRvb2xjaGFp
bi1yLXRlc3QKICAgIHBhY2thZ2VzOgogICAgLSBnKystNC44CiAgICAtIGdj
Yy00LjgKIyBzY3JpcHQgbmVlZGVkIHRvIHRlc3QsIGJlY2F1c2UgZGVmYXVs
dHMgZG9uJ3Qgd29yayBvbiBvc3gKc2NyaXB0OgogIC0gbnBtIGluc3RhbGwK
ICAtIG5wbSBydW4gbGludAo=
"
b'generator-verdaccio-plugin',80989923,b'yeoman verdaccio plugin generator (for experimental plugins)',b'JavaScript',2,0,,0,"IyBnZW5lcmF0b3ItdmVyZGFjY2lvLXBsdWdpbiBbIVtOUE0gdmVyc2lvbl1b
bnBtLWltYWdlXV1bbnBtLXVybF0gWyFbQnVpbGQgU3RhdHVzXVt0cmF2aXMt
aW1hZ2VdXVt0cmF2aXMtdXJsXSBbIVtEZXBlbmRlbmN5IFN0YXR1c11bZGF2
aWRkbS1pbWFnZV1dW2RhdmlkZG0tdXJsXSBbIVtDb3ZlcmFnZSBwZXJjZW50
YWdlXVtjb3ZlcmFsbHMtaW1hZ2VdXVtjb3ZlcmFsbHMtdXJsXQo+IHBsdWdp
biBnZW5lcmF0b3IgZm9yIHZlcmRhY2NpbyAKCiMjIEluc3RhbGxhdGlvbgoK
Rmlyc3QsIGluc3RhbGwgW1llb21hbl0oaHR0cDovL3llb21hbi5pbykgYW5k
IGdlbmVyYXRvci12ZXJkYWNjaW8tcGx1Z2luIHVzaW5nIFtucG1dKGh0dHBz
Oi8vd3d3Lm5wbWpzLmNvbS8pICh3ZSBhc3N1bWUgeW91IGhhdmUgcHJlLWlu
c3RhbGxlZCBbbm9kZS5qc10oaHR0cHM6Ly9ub2RlanMub3JnLykpLgoKYGBg
YmFzaApucG0gaW5zdGFsbCAtZyB5bwpucG0gaW5zdGFsbCAtZyBnZW5lcmF0
b3ItdmVyZGFjY2lvLXBsdWdpbgpgYGAKClRoZW4gZ2VuZXJhdGUgeW91ciBu
ZXcgcHJvamVjdDoKCi0gR2VuZXJhdGUgYXV0aG9yaXphdGlvbiBwbHVnaW4K
CmBgYGJhc2gKeW8gdmVyZGFjY2lvLXBsdWdpbjphdXRoCmBgYAoKIyMgR2V0
dGluZyBUbyBLbm93IFllb21hbgoKICogWWVvbWFuIGhhcyBhIGhlYXJ0IG9m
IGdvbGQuCiAqIFllb21hbiBpcyBhIHBlcnNvbiB3aXRoIGZlZWxpbmdzIGFu
ZCBvcGluaW9ucywgYnV0IGlzIHZlcnkgZWFzeSB0byB3b3JrIHdpdGguCiAq
IFllb21hbiBjYW4gYmUgdG9vIG9waW5pb25hdGVkIGF0IHRpbWVzIGJ1dCBp
cyBlYXNpbHkgY29udmluY2VkIG5vdCB0byBiZS4KICogRmVlbCBmcmVlIHRv
IFtsZWFybiBtb3JlIGFib3V0IFllb21hbl0oaHR0cDovL3llb21hbi5pby8p
LgoKIyMgTGljZW5zZQoKTUlUIMKpIFtKdWFuIFBpY2FkbyAmbHQ7QGpvdGFk
ZXZlbG9wZXImZ3Q7XSgpCgoKW25wbS1pbWFnZV06IGh0dHBzOi8vYmFkZ2Uu
ZnVyeS5pby9qcy9nZW5lcmF0b3ItdmVyZGFjY2lvLXBsdWdpbi5zdmcKW25w
bS11cmxdOiBodHRwczovL25wbWpzLm9yZy9wYWNrYWdlL2dlbmVyYXRvci12
ZXJkYWNjaW8tcGx1Z2luClt0cmF2aXMtaW1hZ2VdOiBodHRwczovL3RyYXZp
cy1jaS5vcmcvdmVyZGFjY2lvL2dlbmVyYXRvci12ZXJkYWNjaW8tcGx1Z2lu
LnN2Zz9icmFuY2g9bWFzdGVyClt0cmF2aXMtdXJsXTogaHR0cHM6Ly90cmF2
aXMtY2kub3JnL3ZlcmRhY2Npby9nZW5lcmF0b3ItdmVyZGFjY2lvLXBsdWdp
bgpbZGF2aWRkbS1pbWFnZV06IGh0dHBzOi8vZGF2aWQtZG0ub3JnL3ZlcmRh
Y2Npby9nZW5lcmF0b3ItdmVyZGFjY2lvLXBsdWdpbi5zdmc/dGhlbWU9c2hp
ZWxkcy5pbwpbZGF2aWRkbS11cmxdOiBodHRwczovL2RhdmlkLWRtLm9yZy92
ZXJkYWNjaW8vZ2VuZXJhdG9yLXZlcmRhY2Npby1wbHVnaW4KW2NvdmVyYWxs
cy1pbWFnZV06IGh0dHBzOi8vY292ZXJhbGxzLmlvL3JlcG9zL3ZlcmRhY2Np
by9nZW5lcmF0b3ItdmVyZGFjY2lvLXBsdWdpbi9iYWRnZS5zdmcKW2NvdmVy
YWxscy11cmxdOiBodHRwczovL2NvdmVyYWxscy5pby9yL3ZlcmRhY2Npby9n
ZW5lcmF0b3ItdmVyZGFjY2lvLXBsdWdpbgo=
","bGFuZ3VhZ2U6IG5vZGVfanMKbm9kZV9qczoKICAtICc0JwogIC0gJzYnCiAg
LSAnNycKc3VkbzogZmFsc2UKc2NyaXB0OiBucG0gaW5zdGFsbCAuICYmIG5w
bSBydW4gdGVzdA==
"
b'himymusician',90086281,,b'PHP',0,0,,0,,"bGFuZ3VhZ2U6IGphdmENCg0KaW5zdGFsbDogdHJ1ZQ0KDQpjYWNoZToNCiAg
ZGlyZWN0b3JpZXM6DQogIC0gJEhPTUUvLm0yDQogIA0Kc2NyaXB0Og0KICAt
IG12biB0ZXN0IC1CDQogIA0KZGVwbG95Og0KICBwcm92aWRlcjogaGVyb2t1
DQogIGFwaV9rZXk6IA0KICAgIHNlY3VyZTogIjI5YmJjNjc4LTUwZDQtNGJl
Mi04MTQ1LWE4YTY3YWU4ZmQ1YSI=
"
b'easy-cloner',101696589,,b'JavaScript',0,0,,0,"IyBlYXN5LWNsb25lcgpTdHJhaWdodCBmb3J3YXJkIG9iamVjdCBjbG9uZXIg
d2l0aCBjaXJjdWxhciBzdXBwb3J0Cg==
","bGFuZ3VhZ2U6IG5vZGVfanMKbm9kZV9qczoKICAtICI0IgogIC0gIjYiCiAg
LSAiOCIKICAtICIwLjEyIgo=
"
b'LogIkw',104130478,b'Trabajo pr\xc3\xa1ctico final de Programaci\xc3\xb3n Web II',b'PHP',0,1,,1,"IyBMb2dJa3cKVHJhYmFqbyBwcsOhY3RpY28gZmluYWwgZGUgUHJvZ3JhbWFj
acOzbiBXZWIgSUkKCkRlc2NyaXBjacOzbiBnZW5lcmFsIGRlbCBzaXN0ZW1h
CgpVbmEgZW1wcmVzYSBkZSBkZWRpY2FkYSBhIGxhIGxvZ8Otc3RpY2EgbmVj
ZXNpdGEgdW4gc2lzdGVtYSBpbmZvcm3DoXRpY28gcGFyYSBjb250cm9sYXIg
c3UgZmxvdGEgZGUKdmVow61jdWxvcy4KRWwgY29udHJvbCBkZSBsb3MgZGlz
dGludG9zIHRpcG9zIGRlIHZlaMOtY3Vsb3MgZXMgbXV5IGltcG9ydGFudGUg
cGFyYSBlbGxhLCBzb2JyZSB0b2RvIGVuIGxvIHF1ZSByZXNwZWN0YSBhCnN1
IG1hbnRlbmltaWVudG8geSBlc3RhZG8gZ2VuZXJhbC4KTGEgZW1wcmVzYSBy
ZWFsaXphIHZpYWplcyBhIHRvZG8gZWwgcGHDrXMgeSBsb3MgcGHDrXNlcyBs
aW3DrXRyb2Zlcy4KRWwgc2lzdGVtYSBkZWJlIHBlcm1pdGlyIGVsIGFjY2Vz
byBkZXNkZSBjdWFscXVpZXIgY29uZXhpw7NuIGEgaW50ZXJuZXQsIHB1ZXN0
byBxdWUgbG9zIGNob2ZlcmVzIGRlYmVuCmFjdHVhbGl6YXIgZGF0b3MgZW4g
ZWwgbWlzbW8gZHVyYW50ZSBsb3MgdmlhamVzLgpTZSBkZXNlYSBxdWUgZWwg
c2lzdGVtYSBwZXJtaXRhIGFsIG1lbm9zIHRyZXMgbml2ZWxlcyBkZSBhY2Nl
c28gKHJvbGVzKSwgZWwgY2hvZmVyIHF1ZSB1dGlsaXphcsOhIGVsIHNpc3Rl
bWEKcGFyYSBhY3R1YWxpemFyIGxvcyBkYXRvcyBkdXJhbnRlIGVsIHZpYWpl
LCBlbCBhZG1pbmlzdHJhZG9yIHF1ZSByZWFsaXphcmEgbGFzIHRhcmVhcyBk
ZSBjYXJnYSB5IGNvbnN1bHRhIGRlCmxvcyBkYXRvcyBlbiBsYXMgb2ZpY2lu
YXMgY2VudHJhbGVzIHkgZWwgc3VwZXJ2aXNvciwgZW5jYXJnYWRvIGRlIGFk
bWluaXN0cmFyIGVsIHNpc3RlbWEsIHRyYWJhamFyIGNvbiBsb3MKcmVwb3J0
ZXMgZGUgbml2ZWwgZ2VyZW5jaWFsIHkgcmVhbGl6YXIgbGEgY2FyZ2EgZGUg
cm9sZXMgeSB1c3Vhcmlvcy4KCkRlc2NyaXBjacOzbiBkZSBmdW5jaW9uYWxp
ZGFkZXMKCkVsIHNpc3RlbWEgZGViZSBwcm92ZWVyIGNvbW8gbcOtbmltbyBs
YXMgc2lndWllbnRlcyBmdW5jaW9uYWxpZGFkZXM6CiAgKiBDb250cm9sYXIg
bGEgc2VndXJpZGFkIGRlbCBzaXN0ZW1hLiBBQk0gZGUgdXN1YXJpb3MsIFJv
bGVzLCBMb2d1ZW8sIG1hbmVqbyBkZSBwYXNzd29yZCB5CiAgcGVybWlzb3Mu
CiAgKiBBZG1pbmlzdHJhY2nDs24gZGUgbGEgZmxvdGEgZGUgdmVow61jdWxv
cy4gQUJNLCBlc3RhZG8sIHJlcG9ydGVzLCBhbGFybWFzLCBjYWxlbmRhcmlv
IGRlIHNlcnZpY2UsCiAgZXRjLgogICogQWRtaW5pc3RyYWNpw7NuIGRlbCBw
bGFudGVsIGRlIGVtcGxlYWRvcyAoQ2hvZmVyZXMsIE1lY8Ohbmljb3MsIGV0
Yy4pCiAgKiBBZG1pbmlzdHJhY2nDs24gZGUgVmlhamVzLiBBQk0sIHZlaMOt
Y3Vsbywgb3JpZ2VuLCBkZXN0aW5vLCBwZXJzb25hbCBhc2lnbmFkbywgY2xp
ZW50ZSwgdGlwbyBkZQogIGNhcmdhLCBmZWNoYXMsIHRpZW1wbyBlc3RpbWFk
byBkZSB2aWFqZSwgdGllbXBvIHJlYWwsIGRlc3ZpYWNpw7NuLCBraWzDs21l
dHJvcyByZWNvcnJpZG9zIHByZXZpc3RvcywKICBraWzDs21ldHJvcyByZWNv
cnJpZG9zIHJlYWxlcywgY29tYnVzdGlibGUgY29uc3VtaWRvIChwcmV2aXN0
byB5IHJlYWwpLCBldGMuCiAgKiBNYW50ZW5pbWllbnRvIGRlIGxvcyB2ZWjD
rWN1bG9zLiBBQk0sIGZlY2hhIGRlbCBzZXJ2aWNlLCBrbSBkZSBsYSB1bmlk
YWQsIGNvc3RvLCBzZXJ2aWNlCiAgaW50ZXJuby9leHRlcm5vLCBtZWPDoW5p
Y28gaW50ZXJ2aW5pZW50ZSwgcmVwdWVzdG9zIGNhbWJpYWRvcywgZXRjLgog
ICogU2VndWltaWVudG8gZGUgbG9zIHZlaMOtY3Vsb3MgZW4gdmlhamUuCiAg
KiBSZXBvcnRlcyBlc3RhZMOtc3RpY29zIGRlbCB1c28gZGUgbG9zIHZlaMOt
Y3Vsb3MsIHRpZW1wbyBmdWVyYSBkZSBzZXJ2aWNpbywga2lsw7NtZXRyb3Mg
cmVjb3JyaWRvcywKICBjb3N0byBkZSBtYW50ZW5pbWllbnRvLCBjb3N0byBw
b3Iga2lsw7NtZXRybyByZWNvcnJpZG8sIGV0Yy4KICAqIFJlcG9ydGUgZGUg
ZGVzdsOtb3MsIGtpbMOzbWV0cm9zLCBjb21idXN0aWJsZSwgdGllbXBvcywg
ZXRjLgoKCkxhIGVtcHJlc2EgZGVzZWEgYXNpbWlzbW8gdW5hIGFwbGljYWNp
w7NuIG3Ds3ZpbC8gcGFnaW5hIHdlYiBtw7N2aWwsIHF1ZSBwZXJtaXRhIGEg
bG9zIGNlbHVsYXJlcyBxdWUgc2UKbGVzIGVudHJlZ2FuIGEgbG9zIGNob2Zl
cmVzLCBhIHBhcnRpciBkZSB1biBjw7NkaWdvIGxlw61kbyBkZSB1biBRUiBl
bnZpYXIgdW4gcmVwb3J0ZSBkaWFyaW8gZGUgcG9zaWNpw7NuIGEKcGFydGly
IGRlbCBHUFMgZGVsIGNlbHVsYXIuIExhIGVtcHJlc2EgcmVxdWllcmUgcXVl
IHNlIGdlbmVyZXIgZWwgUVIgY29uIHVuIGPDs2RpZ28gw7puaWNvIHBhcmEg
Y2FkYSB2aWFqZSwKZGUgbWFuZXJhIGRlIHBvZGVyIHJlYWxpemFyIGVsIHNl
Z3VpbWllbnRvIGNvcnJlc3BvbmRpZW50ZS4gQSB0cmF2w6lzIGRlIGxhIG1p
c21hIGFwbGljYWNpw7NuIGxvcwpjaG9mZXJlcyBpbmZvcm1hbiBjYWRhIGNh
cmdhIGRlIGNvbWJ1c3RpYmxlLCBsdWdhciBkb25kZSBzZSByZWFsaXrDsywg
Y2FudGlkYWQsIGltcG9ydGUsIGttIGRlIGxhCnVuaWRhZCwgZXRjLiB0YW1i
acOpbiBhY2NlZGllbmRvIGFsIGluZm9ybWUgZGVsIEdQUyBkZWwgQ2VsdWxh
ci4KRW4gdW4gdmlhamUgZGV0ZXJtaW5hZG8gcmVhbGl6YWRvIHBvciB1biB2
ZWjDrWN1bG8gcHVlZGVuIGlyIHVubyBvIG3DoXMgY2hvZmVyZXMsIHkgZWwg
dmVow61jdWxvIHB1ZWRlIGlyCmFjb21wYcOxYWRvIHBvciB1biBhY29wbGFk
byBvIG5vLiBFbiBjYXNvIGRlIGxsZXZhciB1biBhY29wbGFkbywgc2UgZGVi
ZW4gcmVnaXN0cmFyIHBhcmEgZXN0ZSBsb3MKbWlzbW9zIGRhdG9zIHF1ZSBw
YXJhIGVsIHZlaMOtY3VsbyB0cmFjdG9yLgpEZSBjYWRhIHZlaMOtY3VsbyBz
ZSByZWdpc3RyYSwgbWFyY2EsIG1vZGVsbywgcGF0ZW50ZSwgbnJvLiBkZSBj
aGFzaXMsIG5yby4gZGUgbW90b3IsIGHDsW8gZGUgZmFicmljYWNpw7NuLApl
dGMuCkRlIGNhZGEgZW1wbGVhZG8gc2UgcmVnaXN0cmEsIHNlZ8O6biBjb3Jy
ZXNwb25kYSwgZG5pLCBub21icmUsIGZlY2hhIGRlIG5hY2ltaWVudG8sIHRp
cG8gZGUgbGljZW5jaWEgZGUKY29uZHVjaXIsIGV0Yy4KVG9kb3MgbG9zIGxp
c3RhZG9zIHNlIHJlcXVpZXJlbiBwb3IgcGFudGFsbGEgeSBlbiBmb3JtYXRv
IFBERi4KU2UgcmVxdWllcmVuIGdyw6FmaWNvcyBjb21wYXJhdGl2b3MgZGVs
IHJlbmRpbWllbnRvIGRlIGxvcyB2ZWjDrWN1bG9zIGEgcGFydGlyIGRlIGxv
cyBraWzDs21ldHJvcyByZWNvcnJpZG9zCmVudHJlIG1hbnRlbmltaWVudG9z
IHkgZGVsIHJlbmRpbWllbnRvIHByb21lZGlvIGRlIGNvbnN1bW8gZGUgY29t
YnVzdGlibGUuCgoKRGV0YWxsZXMgdMOpY25pY29zOgoKICAqIFNlIHV0aWxp
emFyw6EgdW5hIGJhc2UgZGUgZGF0b3MgTXlTcWwgcGFyYSBhbG1hY2VuYXIg
bG9zIGRhdG9zLgogICogRWwgc2lzdGVtYSBkZWJlcsOhIGVzdGFyIGltcGxl
bWVudGFkbyBjb24gTGVuZ3VhamUgZGUgcHJvZ3JhbWFjacOzbiBQSFAgZGVz
ZGUgZWwgbGFkbyBkZWwKICBTZXJ2aWRvci4KICAqIExhIGFwbGljYWNpw7Nu
IHV0aWxpemFyYSB0ZWNub2xvZ8OtYXMgZGUgb3JpZW50YWNpw7NuIGEgb2Jq
ZXRvcyBwYXJhIHN1IGltcGxlbWVudGFjacOzbi4KICAqIExhIGludGVyZmFj
ZSBkZWJlcsOhIHNlciBpbXBsZW1lbnRhZGEgZW4gZWwgRnJhbWV3b3JrIEJv
b3RzdHJhcC4KICAqIFNlIGRlYmVyw6EgQWxtYWNlbmFyIGVsIHZlcnNpb25h
ZG8gZGVsIHByb2R1Y3RvIGVuIHVuIHJlcG9zaXRvcmlvIEdJVC4KICAqIExh
cyBjbGF2ZXMgZGUgdXN1YXJpbyBkZWJlbiBhbG1hY2VuYXJzZSBlbmNyaXB0
YWRhcyBtZDUgZW4gbGEgYmFzZSBkZSBkYXRvcy4KCkZyYW1lV29yawoKU3dp
ZnQgTWFpbGVyCi0tLS0tLS0tLS0tLQoKU3dpZnQgTWFpbGVyIGlzIGEgY29t
cG9uZW50IGJhc2VkIG1haWxpbmcgc29sdXRpb24gZm9yIFBIUCA3LgpJdCBp
cyByZWxlYXNlZCB1bmRlciB0aGUgTUlUIGxpY2Vuc2UuCgogICBIb21lcGFn
ZTogICAgICBodHRwczovL3N3aWZ0bWFpbGVyLnN5bWZvbnkuY29tLwogICBE
b2N1bWVudGF0aW9uOiBodHRwczovL3N3aWZ0bWFpbGVyLnN5bWZvbnkuY29t
L2RvY3MvaW50cm9kdWN0aW9uLmh0bWwKICAgQnVnczogICAgICAgICAgaHR0
cHM6Ly9naXRodWIuY29tL3N3aWZ0bWFpbGVyL3N3aWZ0bWFpbGVyL2lzc3Vl
cwogICBSZXBvc2l0b3J5OiAgICBodHRwczovL2dpdGh1Yi5jb20vc3dpZnRt
YWlsZXIvc3dpZnRtYWlsZXIKCgpTd2lmdCBNYWlsZXIgaXMgaGlnaGx5IG9i
amVjdC1vcmllbnRlZCBieSBkZXNpZ24gYW5kIGxlbmRzIGl0c2VsZgp0byB1
c2UgaW4gY29tcGxleCB3ZWIgYXBwbGljYXRpb24gd2l0aCBhIGdyZWF0IGRl
YWwgb2YgZmxleGliaWxpdHkuCgpGb3IgZnVsbCBkZXRhaWxzIG9uIHVzYWdl
LCBzZWUgdGhlIGRvY3VtZW50YXRpb24uCg==
","bGFuZ3VhamU6IHBocApwaHA6CiAgLSc1LjInCmJlZm9yZV9zY3JpcHQ6CiAg
LSBjdXJsIC1zU2YgLW8gfi8ucGhwZW52L3ZlcnNpb25zL2hodm0vYmluL3Bo
cHVuaXQgaHR0cHM6Ly9waGFyLnBocHVuaXQuZGUvcGhwdW5pdC01LjcucGhh
cgpvczogd2luZG93cw==
"
b'ansible-taskmngr',107195370,b'Ansible playbooks \xd0\xb4\xd0\xbb\xd1\x8f CI-CD-pipeline',b'Python',0,0,,0,"0KHQstGP0LfQsNC90L3Ri9C1INGA0LXQv9C+0LfQuNGC0L7RgNC40Lg6Ciog
aHR0cHM6Ly9naXRodWIuY29tL2JpdGl0YW5iL0NJLUNELXBpcGVsaW5lCiog
aHR0cHM6Ly9naXRodWIuY29tL2JpdGl0YW5iL3Rhc2ttbmdyCgojIEFuc2li
bGUgcGxheWJvb2tzINC00LvRjyBbQ0ktQ0QtcGlwZWxpbmVdKGh0dHBzOi8v
Z2l0aHViLmNvbS9iaXRpdGFuYi9DSS1DRC1waXBlbGluZSkKCiMjINCa0YDQ
sNGC0LrQuNC5INC+0LHQt9C+0YAKQW5zaWJsZSDQuNGB0L/QvtC70YzQt9GD
0LXRgtGB0Y8g0LTQu9GPINGA0LDQt9Cy0LXRgNGC0YvQstCw0L3QuNGPINC4
0L3RhNGA0LDRgdGC0YDRg9C60YLRg9GA0Ysg0Lgg0LTQtdC/0LvQvtGPINGB
0LDQvNC+0LPQviDQv9GA0LjQu9C+0LbQtdC90LjRjy4gIArQp9Cw0YHRgtGM
INGA0L7Qu9C10Lkg0L3QsNC/0LjRgdCw0L3QsCDRgSDQvdGD0LvRjywg0YfQ
sNGB0YLRjCDQstC30Y/RgtCwINGBIEFuc2libGUgR2FsYXh5INC4INCw0LTQ
sNC/0YLQuNGA0L7QstCw0L3QsCAo0LjQvNC10Y7RgiDQuNC80Y8g0LDQstGC
0L7RgNCwINC/0YDQtdGE0LjQutGB0L7QvCwg0L3QsNC/0YAuICpnZWVybGlu
Z2d1eSouZmlsZWJlYXQpLgoK0JIg0LjRgtC+0LPQtSDQv9C+0LvRg9GH0LDR
gtGB0Y8g0LTQstC1ICjQstC40YDRgtGD0LDQu9GM0L3Ri9C1KSDQvNCw0YjQ
uNC90YssINC90LAg0L/QtdGA0LLQvtC5OgoqIEt1YmVybmV0ZXMgbWFzdGVy
ICsgRG9ja2VyIFJlZ2lzdHJ5CiogSmVua2lucwoqIFphYmJpeAoqIEVsYXN0
aWNzZWFyY2ggKyBMb2dzdGFzaCArIEtpYmFuYQoK0J3QsCDQvtCx0LXQuNGF
OgoqIEt1YmVybmV0ZXMgbm9kZQoqIFphYmJpeCBhZ2VudAoqIEZpbGViZWF0
Ciog0J/RgNC40LvQvtC20LXQvdC40LUgKHByb2R1Y3Rpb24pCiog0J/RgNC4
0LvQvtC20LXQvdC40LUgKHRlc3RpbmcpCgojIyDQn9C+0LTQs9C+0YLQvtCy
0LrQsAo+INCf0L7QtNCz0L7RgtC+0LLQutGDINC80L7QttC90L4g0L/RgNC+
0L/Rg9GB0YLQuNGC0YwsINC10YHQu9C4INGA0LDQt9Cy0L7RgNCw0YfQuNCy
0LDRgtGMLCDQuNGB0L/QvtC70YzQt9GD0Y8gW1ZhZ3JhbnQvVmlydHVhbGJv
eF0oaHR0cHM6Ly9naXRodWIuY29tL2JpdGl0YW5iL0NJLUNELXBpcGVsaW5l
I9CR0YvRgdGC0YDRi9C5LdGB0YLQsNGA0YIt0YEtdmFncmFudHZpcnR1YWxi
b3gpICjRgNC10LrQvtC80LXQvdC00YPQtdGC0YHRjykg0LjQu9C4IFtQYWNr
ZXIvS1ZNXShodHRwczovL2dpdGh1Yi5jb20vYml0aXRhbmIvQ0ktQ0QtcGlw
ZWxpbmUvdHJlZS9tYXN0ZXIvcGFja2VyI9Cg0LDQt9Cy0LXRgNGC0YvQstCw
0L3QuNC1LdGBLXBhY2tlcmt2bSkuCgojIyMg0JfQsNCy0LjRgdC40LzQvtGB
0YLQuAoqIEFuc2libGUgMi4zLjIrCiogZ2l0Ciogc3NocGFzcwoKIyMjINCl
0L7RgdGC0YsKKiDQlNCy0LAgQ2VudG9zICoqNy4yKioKKiDQn9C10YDQstGL
0Lkg0LTQvtC70LbQtdC9INC40LzQtdGC0Ywg0LzQuNC90LjQvNGD0LwgMy44
INCT0JEg0J7Ql9CjLCDQstGC0L7RgNC+0Lkg4oCUIDEuMSDQk9CRCiog0JTQ
vtC70LbQvdGLINCx0YvRgtGMINC00L7RgdGC0YPQv9C90Ysg0L/QviBETiB0
YXNrbW5ncjEg0LggdGFza21uZ3IyINGB0L7QvtGC0LLQtdGC0YHRgtCy0LXQ
vdC90L4KKiBTRUxpbnV4INC+0YLQutC70Y7Rh9C10L0KCiMjIyDQn9C+0LvR
jNC30L7QstCw0YLQtdC70LgKKiDQn9C+0LvRjNC30L7QstCw0YLQtdC70Ywg
ZGVwbG95INGBINC/0LDRgNC+0LvQtdC8IGRlcGxveQoqINCf0L7Qu9GM0LfQ
vtCy0LDRgtC10LvRjCB1c2VyMSDRgSDQv9Cw0YDQvtC70LXQvCAxCiog0J/Q
vtC70YzQt9C+0LLQsNGC0LXQu9GMIGplbmtpbnMg0YHQviDRgdCz0LXQvdC1
0YDQuNGA0L7QstCw0L3QvdGL0Lwgc3NoIHJzYSDQutC70Y7Rh9C+0Lwg0LHQ
tdC3INC/0LDRgNC+0LvRjyDQvdCwINC90LXQs9C+CgojIyMg0KHQtdGC0YwK
KiDQoNCw0LfQstC10YDRgtGL0LLQsNC90LjQtSDQstGB0LXRhSDRgdC10YDQ
stC40YHQvtCyINGB0L7Qt9C00LDQtdGCINGB0LXRgNGM0LXQt9C90YPRjiDQ
vdCw0LPRgNGD0LfQutGDINC90LAg0YHQtdGC0YwsINC/0L7RjdGC0L7QvNGD
INC+0YfQtdC90Ywg0YDQtdC60L7QvNC10L3QtNGD0Y4gYnJpZGdlINCy0LzQ
tdGB0YLQviBOQVQg0Lgg0L/QvtC00L7QsdC90L7Qs9C+CgojIyDQoNCw0LfQ
stC10YDRgtGL0LLQsNC90LjQtQoKIyMjINCY0L3RhNGA0LDRgdGC0YDRg9C6
0YLRg9GA0LAKYGBgc2hlbGwKTUFTVEVSX0lQPSJYWFguWFhYLlhYWC5YWFgi
ICAgIyBJUCDRhdC+0YHRgtCwINGBIEROIHRhc2ttbmdyMSwg0L/QviDRg9C8
0L7Qu9GH0LDQvdC40Y4gLSAxOTIuMTY4LjU5LjIgKFZhZ3JhbnQpCgphbnNp
YmxlLXBsYXlib29rIC1lIGt1YmVfbWFzdGVyX2lwPSIke01BU1RFUl9JUH0i
IC9ldGMvYW5zaWJsZS90YXNrbW5nci55YW1sCmBgYAojIyMg0J/RgNC40LvQ
vtC20LXQvdC4ZQoK0JLQviDQstGA0LXQvNGPINGA0LDQt9Cy0LXRgNGC0YvQ
stCw0L3QuNGPINC40L3RhNGA0LDRgdGC0YDRg9C60YLRg9GA0Ysg0YDQsNC3
0LLQtdGA0YLRi9Cy0LDQtdGC0YHRjyDQuCBKZW5raW5zLCDQutC+0YLQvtGA
0YvQuSDQstGL0YLRj9Cz0LjQstCw0LXRgiDRgNC10L/QvtC30LjRgtC+0YDQ
uNC5INGBINC/0YDQuNC70L7QttC10L3QuNC10Lwg0Lgg0YHQvtCx0LjRgNCw
0LXRgiDQv9GA0LjQu9C+0LbQtdC90LjQtSwg0LjRgdC/0L7Qu9GM0LfRg9GP
INGA0L7Qu9GMICp0YXNrbW5nci1rdWJlcm5ldGVzKiBbKNCx0L7Qu9C10LUg
0L/QvtC00YDQvtCx0L3QviDQt9C00LXRgdGMKV0oaHR0cHM6Ly9naXRodWIu
Y29tL2JpdGl0YW5iL2Fuc2libGUtdGFza21uZ3IvdHJlZS9tYXN0ZXIvcm9s
ZXMvdGFza21uZ3Ita3ViZXJuZXRlcyNhbnNpYmxlLSVEMSU4MCVEMCVCRSVE
MCVCQiVEMSU4Qy0lRDAlQjQlRDAlQkIlRDElOEYtJUQxJTgxJUQwJUIxJUQw
JUJFJUQxJTgwJUQwJUJBJUQwJUI4LSVEMSU4MiVEMCVCNSVEMSU4MSVEMSU4
MiVEMCVCOCVEMSU4MCVEMCVCRSVEMCVCMiVEMCVCMCVEMCVCRCVEMCVCOCVE
MSU4Ri0lRDAlQjQlRDAlQjUlRDAlQkYlRDAlQkIlRDAlQkUlRDElOEYtJUQw
JUJGJUQxJTgwJUQwJUI4JUQwJUJCJUQwJUJFJUQwJUI2JUQwJUI1JUQwJUJE
JUQwJUI4JUQxJThGKQoKIyMjINCU0L7Qv9C+0LvQvdC40YLQtdC70YzQvdGL
0LUg0YTQu9Cw0LPQuArQlNC70Y8g0LzQvdC+0LPQuNGFINGA0L7Qu9C10Lkg
0LTQvtGB0YLRg9C/0L3RiyDRhNC70LDQs9C4INC00LvRjyDRhNC+0YDRgdC4
0YDQvtCy0LDQvdC90L7Qs9C+INC/0LXRgNC10YDQsNC30LLQtdGA0YLRi9Cy
0LDQvdC40Y8uINCY0LzQtdGO0YIg0L7QsdGJ0LjQuSDQv9GA0LXRhNC40LrR
gSAiKmZvcmNlXyoiLiDQndCw0LnRgtC4INC80L7QttC90L4g0YLQsNC6Ogpg
YGBzaGVsbApncmVwIC1SICJmb3JjZV8iIC4vcm9sZXMKYGBgCtCf0YDQuNC8
0LXRgCDQuNGB0L/QvtC70YzQt9C+0LLQsNC90LjRjzoKYGBgc2hlbGwKYW5z
aWJsZS1wbGF5Ym9vayAtZSBmb3JjZV9zb21ldGhpbmc9dHJ1ZSAvZXRjL2Fu
c2libGUvdGFza21uZ3IueWFtbApgYGAKCiMjINCe0YLQu9Cw0LTQutCwCgpg
YGBzaGVsbAphbnNpYmxlLXBsYXlib29rIC1lIGt1YmVfbWFzdGVyX2lwPSIk
e01BU1RFUl9JUH0iIFwKICAtdnZ2diAgICAgICAgICAgICAgICAjINC+0YfQ
tdC90Ywg0L/QvtC00YDQvtCx0L3Ri9C1INC70L7Qs9C4IFwKICAtdCAke1NQ
RUNJRklDX1RBR30gICAjINCy0YvQv9C+0LvQvdGP0YLRjCDRgtC+0LvRjNC6
0L4g0YEg0YLQtdCz0L7QvCAke1NQRUNJRklDX1RBR307INGC0LXQs9C4INCy
IHRhc2ttbmdyLnlhbWwgXAogIC0tc3RhcnQtYXQtdGFzaz0ic29tZSB0YXNr
IiAgICMg0L3QsNGH0LDRgtGMINGBINC60L7QvdC60YDQtdGC0L3QvtCz0L4g
0YLQsNGB0LrQsCBcCiAgL2V0Yy9hbnNpYmxlL3Rhc2ttbmdyLnlhbWwKYGBg
CgpgYGBzaGVsbAojIGt1YmVybmV0ZXMKa3ViZWN0bCBnZXQgYWxsIC0tYWxs
LW5hbWVzcGFjZXMKa3ViZWN0bCBkZXNjcmliZSAuLi4Ka3ViZWN0bCBsb2dz
IC4uLgpqb3VybmFsY3RsIC11IGt1YmVsZXQKZG9ja2VyIHBzIC0tYWxsCmRv
Y2tlciBsb2dzIC4uLgpkb2NrZXIgaW5zcGVjdCAuLi4KYGBgCg==
","LS0tCi0gaG9zdHM6IGxvY2FsaG9zdAogIHJvbGVzOgogICAgLSByb2xlOiBh
bnNpYmxlLXphYmJpeC1hZ2VudAogICAgICBhZ2VudF9zZXJ2ZXI6IDE5Mi4x
NjguMy4zMwogICAgICBhZ2VudF9zZXJ2ZXJhY3RpdmU6IDE5Mi4xNjguMy4z
MwogICAgICB6YWJiaXhfdmVyc2lvbjogMi40Cg==
"
b'AdvancedPython2BA-Labo1',120729721,b'MDC',b'Python',0,0,,0,"IyBBZHZhbmNlZFB5dGhvbjJCQS1MYWJvMQpNREMKCkRhbnMgbGUgY2FkcmUg
ZHUgbWluaS1wcm9qZXQsIG5vdXMgYXZvbnMgZMOpdmVsb3Bww6kgdW5lIGFw
cGxpY2F0aW9uIHdlYiBkdXJhbnQgbGVzIHRyb2lzIGRlcm5pw6hyZXMgc8Op
YW5jZXMgZGUgbGFiby4gTGUgZMOpdmVsb3BwZW1lbnQgZOKAmXVuIHByb2pl
dCBpbmZvcm1hdGlxdWUgZOKAmXVuZSB0ZWxsZSBhbXBsZXVyIGEgw6l0w6kg
bOKAmW9jY2FzaW9uIGTigJlhcHBsaXF1ZXIgdG91dCBjZSBxdWkgYSDDqXTD
qSB2dSBkdXJhbnQgbGVzIGNvdXJzIHRow6lvcmlxdWVzIGV0IHByYXRpcXXD
qSBkdXJhbnQgbGVzIGNpbnEgcHJlbWnDqHJlcyBzZW1haW5lcyBkZSBsYWJv
LiAKQXByw6hzIHLDqWZsZXhpb24sIG5vdXMgYXZvbnMgZMOpY2lkw6kgZGUg
am9pbmRyZSBs4oCZaHVtb3VyIGF1IHRyYXZhaWwgZXQgbm91cyBub3VzIHNv
bW1lcyBsYW5jw6lzIGRhbnMgbGEgcsOpYWxpc2F0aW9uIGTigJl1biBzaXRl
IMOgIGJ1dCBodW1vcmlzdGlxdWUgwqsgTWFuZ2V6RHVDbG93biDCuy4gTGUg
YnV0IGRlIGNlIHNpdGUgd2ViIMOpdGFudCBkZSByYXNzZW1ibGVyIGxlcyBt
ZWlsbGV1cmVzIChvdSBsZXMgcGlyZXMpIGJsYWd1ZXMgZGVzIHV0aWxpc2F0
ZXVycyBzdXIgdW4gbcOqbWUgc2l0ZS4gTGVzIGJsYWd1ZXMgdW5lIGZvaXMg
c3VyIGxlIHNpdGUgcGV1dmVudCDDqnRyZSB0cmnDqWVzIGV0IGFpbnNpIGNo
YWN1biDDoCBhY2PDqHMgYXUgY29udGVudSBxdWkgbHVpIGNvbnZpZW50ICEg
IApQb3VyIHBsdXMgZGUgY29udGFjdCBhdmVjIGzigJl1dGlsaXNhdGV1ciBu
b3VzIGF2b25zIGluY29ycG9yw6kgdW4gc3lzdMOobWUgZGUgY29ubmV4aW9u
LCBnYXJkYW50IGVuIG3DqW1vaXJlIGxlIHBzZXVkbyBkZSBs4oCZdXRpbGlz
YXRldXIuIENlIHBzZXVkbyBzZXJyYSB1dGlsaXPDqSBwYXIgYXByw6hzIHBv
dXIgc291aGFpdGVyIGxhIGJpZW52ZW51ZSBhdSBub3V2ZWwgYXJyaXZhbnQg
ZXQgbG9yc3F1ZSBs4oCZdXRpbGlzYXRldXIgdmV1dCBham91dGVyIHVuZSBi
bGFndWUgYWZpbiBk4oCZZW4gaWRlbnRpZmllciBs4oCZYXV0ZXVyLiBDZXBl
bmRhbnQgY2V0dGUgZm9uY3Rpb25uYWxpdMOpIG7igJllc3QgcGFzIG9ibGln
YXRvaXJlIHBvdXIgbGUgYm9uIGZvbmN0aW9ubmVtZW50IGR1IHNpdGUuIE5v
dXMgYXZvbnMgZG9uYyBtaXMgcGFyIGTDqWZhdXQgbGUgcHNldWRvIHN1ciDC
qyBNb25zaWV1ciBhbm9ueW1lIMK7LiA=
","bGFuZ3VhZ2U6IHB5dGhvbgpweXRob246CiAgLSAiMy41IgpzY3JpcHQ6IHB5
dGhvbjMgdGVzdF91dGlscy5weQo=
"
b'my-blog',122872373,b'My blog',b'JavaScript',0,4,,4,"IyBNeSBCbG9nCg==
","IyBiYWNrIHRvIGxhbmd1YWdlIGNwcCB0byB0cnkgdG8gYnlwYXNzIG9zeCBu
b2RlIGZhaWx1cmUKbGFuZ3VhZ2U6IGNwcApzdWRvOiBmYWxzZQplbnY6CiAg
LSBleHBvcnQgTk9ERV9WRVJTSU9OPSIwLjEwIgogIC0gZXhwb3J0IE5PREVf
VkVSU0lPTj0iMC4xMiIKICAtIGV4cG9ydCBOT0RFX1ZFUlNJT049IjQiCiAg
LSBleHBvcnQgTk9ERV9WRVJTSU9OPSI1IgpvczoKICAtIGxpbnV4CiAgLSBv
c3gKIyBwcmUtaW5zdGFsbCB0byBicmluZyBpbiB0aGUgY29ycmVjdCB2ZXJz
aW9uIG9mIG5vZGUgdmlhIG52bQpiZWZvcmVfaW5zdGFsbDoKICAtIGdpdCBz
dWJtb2R1bGUgdXBkYXRlIC0taW5pdCAtLXJlY3Vyc2l2ZQogIC0gZ2l0IGNs
b25lIGh0dHBzOi8vZ2l0aHViLmNvbS9jcmVhdGlvbml4L252bS5naXQgLi8u
bnZtCiAgLSBzb3VyY2UgLi8ubnZtL252bS5zaAogIC0gbnZtIGluc3RhbGwg
JE5PREVfVkVSU0lPTgogIC0gbnZtIHVzZSAkTk9ERV9WRVJTSU9OCiAgLSBu
cG0gY29uZmlnIHNldCBweXRob24gYHdoaWNoIHB5dGhvbmAKICAtIGlmIFsg
JFRSQVZJU19PU19OQU1FID09ICJsaW51eCIgXTsgdGhlbgogICAgICBleHBv
cnQgQ0M9ImdjYy00LjgiOwogICAgICBleHBvcnQgQ1hYPSJnKystNC44IjsK
ICAgICAgZXhwb3J0IExJTks9ImdjYy00LjgiOwogICAgICBleHBvcnQgTElO
S1hYPSJnKystNC44IjsKICAgIGZpCiAgLSBnY2MgLS12ZXJzaW9uCiAgLSBn
KysgLS12ZXJzaW9uCiMgbm9kZSA0IGRlcGVuZHMgb24gZ2NjIDQuOAphZGRv
bnM6CiAgYXB0OgogICAgc291cmNlczoKICAgIC0gdWJ1bnR1LXRvb2xjaGFp
bi1yLXRlc3QKICAgIHBhY2thZ2VzOgogICAgLSBnKystNC44CiAgICAtIGdj
Yy00LjgKIyBzY3JpcHQgbmVlZGVkIHRvIHRlc3QsIGJlY2F1c2UgZGVmYXVs
dHMgZG9uJ3Qgd29yayBvbiBvc3gKc2NyaXB0OgogIC0gbnBtIGluc3RhbGwK
LSBucG0gcnVuIGxpbnQ=
"
b'learning-spring-boot',130904075,b'Learning spring in STS',b'Java',0,0,,0,"WyFbQnVpbGQgU3RhdHVzXShodHRwczovL3RyYXZpcy1jaS5vcmcvUmFheWNj
L2xlYXJuaW5nLXNwcmluZy1ib290LnN2Zz9icmFuY2g9bWFzdGVyKV0oaHR0
cHM6Ly90cmF2aXMtY2kub3JnL1JhYXljYy9sZWFybmluZy1zcHJpbmctYm9v
dCkKCiMgbGVhcm5pbmctc3ByaW5nLWJvb3QKTGVhcm5pbmcgc3ByaW5nIGlu
IFNUUwo=
","bGFuZ3VhZ2U6IGphdmEKamRrOgogIC0gb3JhY2xlamRrOAo=
"
b'monitoring2',130618546,b'ini baru',b'JavaScript',0,0,,0,"PHAgYWxpZ249ImNlbnRlciI+PGltZyBzcmM9Imh0dHBzOi8vbGFyYXZlbC5j
b20vYXNzZXRzL2ltZy9jb21wb25lbnRzL2xvZ28tbGFyYXZlbC5zdmciPjwv
cD4KCjxwIGFsaWduPSJjZW50ZXIiPgo8YSBocmVmPSJodHRwczovL3RyYXZp
cy1jaS5vcmcvbGFyYXZlbC9mcmFtZXdvcmsiPjxpbWcgc3JjPSJodHRwczov
L3RyYXZpcy1jaS5vcmcvbGFyYXZlbC9mcmFtZXdvcmsuc3ZnIiBhbHQ9IkJ1
aWxkIFN0YXR1cyI+PC9hPgo8YSBocmVmPSJodHRwczovL3BhY2thZ2lzdC5v
cmcvcGFja2FnZXMvbGFyYXZlbC9mcmFtZXdvcmsiPjxpbWcgc3JjPSJodHRw
czovL3Bvc2VyLnB1Z3gub3JnL2xhcmF2ZWwvZnJhbWV3b3JrL2QvdG90YWwu
c3ZnIiBhbHQ9IlRvdGFsIERvd25sb2FkcyI+PC9hPgo8YSBocmVmPSJodHRw
czovL3BhY2thZ2lzdC5vcmcvcGFja2FnZXMvbGFyYXZlbC9mcmFtZXdvcmsi
PjxpbWcgc3JjPSJodHRwczovL3Bvc2VyLnB1Z3gub3JnL2xhcmF2ZWwvZnJh
bWV3b3JrL3Yvc3RhYmxlLnN2ZyIgYWx0PSJMYXRlc3QgU3RhYmxlIFZlcnNp
b24iPjwvYT4KPGEgaHJlZj0iaHR0cHM6Ly9wYWNrYWdpc3Qub3JnL3BhY2th
Z2VzL2xhcmF2ZWwvZnJhbWV3b3JrIj48aW1nIHNyYz0iaHR0cHM6Ly9wb3Nl
ci5wdWd4Lm9yZy9sYXJhdmVsL2ZyYW1ld29yay9saWNlbnNlLnN2ZyIgYWx0
PSJMaWNlbnNlIj48L2E+CjwvcD4KCgojIyBGb3JnaXZlIG1lIGlmIHRoZSBy
ZXN1bHQgb2YgZnJhbWV3b3JrIGxhcmF2ZWwgbWFkZSBieSBtZSBhbmQgbXkg
ZnJpZW5kcyBub3QgZ29vZCwgZm9yZ2l2ZSBhbHNvIGlmIHRoZXJlIGlzIGVy
cm9yIGluIHRoaXMgc2NyaXB0IGNvZGUgLi4gIFlvbyB3aGF0J3MgdXBwISA6
KQoKIyMgQWJvdXQgTGFyYXZlbHNzCgpMYXJhdmVsIGlzIGEgd2ViIGFwcGxp
Y2F0aW9uIGZyYW1ld29yayB3aXRoIGV4cHJlc3NpdmUsIGVsZWdhbnQgc3lu
dGF4LiBXZSBiZWxpZXZlIGRldmVsb3BtZW50IG11c3QgYmUgYW4gZW5qb3lh
YmxlIGFuZCBjcmVhdGl2ZSBleHBlcmllbmNlIHRvIGJlIHRydWx5IGZ1bGZp
bGxpbmcuIExhcmF2ZWwgYXR0ZW1wdHMgdG8gdGFrZSB0aGUgcGFpbiBvdXQg
b2YgZGV2ZWxvcG1lbnQgYnkgZWFzaW5nIGNvbW1vbiB0YXNrcyB1c2VkIGlu
IHRoZSBtYWpvcml0eSBvZiB3ZWIgcHJvamVjdHMsIHN1Y2ggYXM6CgotIFtT
aW1wbGUsIGZhc3Qgcm91dGluZyBlbmdpbmVdKGh0dHBzOi8vbGFyYXZlbC5j
b20vZG9jcy9yb3V0aW5nKS4KLSBbUG93ZXJmdWwgZGVwZW5kZW5jeSBpbmpl
Y3Rpb24gY29udGFpbmVyXShodHRwczovL2xhcmF2ZWwuY29tL2RvY3MvY29u
dGFpbmVyKS4KLSBNdWx0aXBsZSBiYWNrLWVuZHMgZm9yIFtzZXNzaW9uXSho
dHRwczovL2xhcmF2ZWwuY29tL2RvY3Mvc2Vzc2lvbikgYW5kIFtjYWNoZV0o
aHR0cHM6Ly9sYXJhdmVsLmNvbS9kb2NzL2NhY2hlKSBzdG9yYWdlLgotIEV4
cHJlc3NpdmUsIGludHVpdGl2ZSBbZGF0YWJhc2UgT1JNXShodHRwczovL2xh
cmF2ZWwuY29tL2RvY3MvZWxvcXVlbnQpLgotIERhdGFiYXNlIGFnbm9zdGlj
IFtzY2hlbWEgbWlncmF0aW9uc10oaHR0cHM6Ly9sYXJhdmVsLmNvbS9kb2Nz
L21pZ3JhdGlvbnMpLgotIFtSb2J1c3QgYmFja2dyb3VuZCBqb2IgcHJvY2Vz
c2luZ10oaHR0cHM6Ly9sYXJhdmVsLmNvbS9kb2NzL3F1ZXVlcykuCi0gW1Jl
YWwtdGltZSBldmVudCBicm9hZGNhc3RpbmddKGh0dHBzOi8vbGFyYXZlbC5j
b20vZG9jcy9icm9hZGNhc3RpbmcpLgoKTGFyYXZlbCBpcyBhY2Nlc3NpYmxl
LCB5ZXQgcG93ZXJmdWwsIHByb3ZpZGluZyB0b29scyBuZWVkZWQgZm9yIGxh
cmdlLCByb2J1c3QgYXBwbGljYXRpb25zLiBBIHN1cGVyYiBjb21iaW5hdGlv
biBvZiBzaW1wbGljaXR5LCBlbGVnYW5jZSwgYW5kIGlubm92YXRpb24gZ2l2
ZSB5b3UgdG9vbHMgeW91IG5lZWQgdG8gYnVpbGQgYW55IGFwcGxpY2F0aW9u
IHdpdGggd2hpY2ggeW91IGFyZSB0YXNrZWQuCgojIyBMZWFybmluZyBMYXJh
dmVsCgpMYXJhdmVsIGhhcyB0aGUgbW9zdCBleHRlbnNpdmUgYW5kIHRob3Jv
dWdoIGRvY3VtZW50YXRpb24gYW5kIHZpZGVvIHR1dG9yaWFsIGxpYnJhcnkg
b2YgYW55IG1vZGVybiB3ZWIgYXBwbGljYXRpb24gZnJhbWV3b3JrLiBUaGUg
W0xhcmF2ZWwgZG9jdW1lbnRhdGlvbl0oaHR0cHM6Ly9sYXJhdmVsLmNvbS9k
b2NzKSBpcyB0aG9yb3VnaCwgY29tcGxldGUsIGFuZCBtYWtlcyBpdCBhIGJy
ZWV6ZSB0byBnZXQgc3RhcnRlZCBsZWFybmluZyB0aGUgZnJhbWV3b3JrLgoK
SWYgeW91J3JlIG5vdCBpbiB0aGUgbW9vZCB0byByZWFkLCBbTGFyYWNhc3Rz
XShodHRwczovL2xhcmFjYXN0cy5jb20pIGNvbnRhaW5zIG92ZXIgOTAwIHZp
ZGVvIHR1dG9yaWFscyBvbiBhIHJhbmdlIG9mIHRvcGljcyBpbmNsdWRpbmcg
TGFyYXZlbCwgbW9kZXJuIFBIUCwgdW5pdCB0ZXN0aW5nLCBKYXZhU2NyaXB0
LCBhbmQgbW9yZS4gQm9vc3QgdGhlIHNraWxsIGxldmVsIG9mIHlvdXJzZWxm
IGFuZCB5b3VyIGVudGlyZSB0ZWFtIGJ5IGRpZ2dpbmcgaW50byBvdXIgY29t
cHJlaGVuc2l2ZSB2aWRlbyBsaWJyYXJ5LgoKIyMgTGFyYXZlbCBTcG9uc29y
cwoKV2Ugd291bGQgbGlrZSB0byBleHRlbmQgb3VyIHRoYW5rcyB0byB0aGUg
Zm9sbG93aW5nIHNwb25zb3JzIGZvciBoZWxwaW5nIGZ1bmQgb24tZ29pbmcg
TGFyYXZlbCBkZXZlbG9wbWVudC4gSWYgeW91IGFyZSBpbnRlcmVzdGVkIGlu
IGJlY29taW5nIGEgc3BvbnNvciwgcGxlYXNlIHZpc2l0IHRoZSBMYXJhdmVs
IFtQYXRyZW9uIHBhZ2VdKGh0dHA6Ly9wYXRyZW9uLmNvbS90YXlsb3JvdHdl
bGwpOgoKLSAqKltWZWhpa2xdKGh0dHA6Ly92ZWhpa2wuY29tKSoqCi0gKipb
VGlnaHRlbiBDby5dKGh0dHBzOi8vdGlnaHRlbi5jbykqKgotICoqW0JyaXRp
c2ggU29mdHdhcmUgRGV2ZWxvcG1lbnRdKGh0dHBzOi8vd3d3LmJyaXRpc2hz
b2Z0d2FyZS5jbykqKgotICoqW1N0eWRlXShodHRwczovL3N0eWRlLm5ldCkq
KgotIFtGcmFncmFudGljYV0oaHR0cHM6Ly93d3cuZnJhZ3JhbnRpY2EuY29t
KQotIFtTT0ZUb25TT0ZBXShodHRwczovL3NvZnRvbnNvZmEuY29tLykKCiMj
IENvbnRyaWJ1dGluZwoKVGhhbmsgeW91IGZvciBjb25zaWRlcmluZyBjb250
cmlidXRpbmcgdG8gdGhlIExhcmF2ZWwgZnJhbWV3b3JrISBUaGUgY29udHJp
YnV0aW9uIGd1aWRlIGNhbiBiZSBmb3VuZCBpbiB0aGUgW0xhcmF2ZWwgZG9j
dW1lbnRhdGlvbl0oaHR0cDovL2xhcmF2ZWwuY29tL2RvY3MvY29udHJpYnV0
aW9ucykuCgojIyBTZWN1cml0eSBWdWxuZXJhYmlsaXRpZXMKCklmIHlvdSBk
aXNjb3ZlciBhIHNlY3VyaXR5IHZ1bG5lcmFiaWxpdHkgd2l0aGluIExhcmF2
ZWwsIHBsZWFzZSBzZW5kIGFuIGUtbWFpbCB0byBUYXlsb3IgT3R3ZWxsIGF0
IHRheWxvckBsYXJhdmVsLmNvbS4gQWxsIHNlY3VyaXR5IHZ1bG5lcmFiaWxp
dGllcyB3aWxsIGJlIHByb21wdGx5IGFkZHJlc3NlZC4KCiMjIExpY2Vuc2UK
ClRoZSBMYXJhdmVsIGZyYW1ld29yayBpcyBvcGVuLXNvdXJjZWQgc29mdHdh
cmUgbGljZW5zZWQgdW5kZXIgdGhlIFtNSVQgbGljZW5zZV0oaHR0cDovL29w
ZW5zb3VyY2Uub3JnL2xpY2Vuc2VzL01JVCkuCg==
","bGFuZ3VhZ2U6IHBocAoKcGhwOgogIC0gNS4zCiAgLSA1LjQKICAtIDUuNQog
IC0gNS42CiAgLSBoaHZtCgpiZWZvcmVfc2NyaXB0OgogIC0gY29tcG9zZXIg
c2VsZi11cGRhdGUKICAtIGNvbXBvc2VyIGluc3RhbGwgLS1wcmVmZXItc291
cmNlIC0tbm8taW50ZXJhY3Rpb24gLS1kZXYK
"
b'Crimson-Typhoon',132387904,"b'Tests, Works and Study with Java - Spring... such is the purpose of this repository'",b'Java',0,0,,0,"IyBDcmltc29uLVR5cGhvb24KVGVzdHMsIFdvcmtzIGFuZCBTdHVkeS4uLiBz
dWNoIGlzIHRoZSBwdXJwb3NlIG9mIHRoaXMgcmVwb3NpdG9yeQo=
","bGFuZ3VhZ2U6IGphdmEKamRrOiAKLSBvcmFjbGVqZGs4Cgo=
"
b'generator-nm-boilerplate',145131932,b':clipboard: Boilerplate for scaffold out a node module.',b'JavaScript',6,3,,3,"IyBnZW5lcmF0b3Itbm0tYm9pbGVycGxhdGUgCgpbIVtOUE0gdmVyc2lvbl0o
aHR0cHM6Ly9pbWcuc2hpZWxkcy5pby9ucG0vdi9nZW5lcmF0b3Itbm0tYm9p
bGVycGxhdGUuc3ZnP3N0eWxlPWZsYXQpXShodHRwczovL25wbWpzLm9yZy9w
YWNrYWdlL2dlbmVyYXRvci1ubS1ib2lsZXJwbGF0ZSkKWyFbVHJhdmlzIENJ
XShodHRwczovL3RyYXZpcy1jaS5vcmcvWllTenlzL2dlbmVyYXRvci1ubS1i
b2lsZXJwbGF0ZS5zdmc/YnJhbmNoPW1hc3RlcildKGh0dHBzOi8vdHJhdmlz
LWNpLm9yZy9aWVN6eXMvZ2VuZXJhdG9yLW5tLWJvaWxlcnBsYXRlKQpbIVtO
UE0gZG93bmxvYWRzXShodHRwOi8vaW1nLnNoaWVsZHMuaW8vbnBtL2RtL2dl
bmVyYXRvci1ubS1ib2lsZXJwbGF0ZS5zdmc/c3R5bGU9ZmxhdCldKGh0dHBz
Oi8vbnBtanMub3JnL3BhY2thZ2UvZ2VuZXJhdG9yLW5tLWJvaWxlcnBsYXRl
KQpbIVtjb2RlIHN0eWxlOiBwcmV0dGllcl0oaHR0cHM6Ly9pbWcuc2hpZWxk
cy5pby9iYWRnZS9jb2RlX3N0eWxlLXByZXR0aWVyLWZmNjliNC5zdmc/c3R5
bGU9ZmxhdCldKGh0dHBzOi8vZ2l0aHViLmNvbS9wcmV0dGllci9wcmV0dGll
cikKWyFbbGljZW5zZV0oaHR0cHM6Ly9pbWcuc2hpZWxkcy5pby9naXRodWIv
bGljZW5zZS9aWVN6eXMvZ2VuZXJhdG9yLW5tLWJvaWxlcnBsYXRlLnN2Zyld
KGh0dHBzOi8vZ2l0aHViLmNvbS9aWVN6eXMvZ2VuZXJhdG9yLW5tLWJvaWxl
cnBsYXRlL2Jsb2IvbWFzdGVyL0xJQ0VOU0UpCgo+IEJvaWxlcnBsYXRlIGZv
ciBzY2FmZm9sZCBvdXQgYSBub2RlIG1vZHVsZQoKIVtdKC9zY3JlZW5zaG90
LnBuZykKCiMjIEZlYXR1cmVzCgotIFVuaXQgdGVzdCB1c2luZyBbYXZhXSho
dHRwczovL2dpdGh1Yi5jb20vYXZhanMvYXZhKQotIEVTTGludCB1c2luZyBb
cHJldHRpZXJdKGh0dHBzOi8vZ2l0aHViLmNvbS9wcmV0dGllci9wcmV0dGll
cikKLSBDSSB1c2luZyBbVHJhdmlzXShodHRwczovL3RyYXZpcy1jaS5vcmcv
KQotIExpY2Vuc2UgdXNpbmcgW01JVF0oaHR0cHM6Ly9taXQtbGljZW5zZS5v
cmcvKSAKLSBEZXBlbmRlbmN5IHVwZGF0ZSBhdXRvbWF0aW9uIHVzaW5nIFty
ZW5vdmF0ZV0oaHR0cHM6Ly9naXRodWIuY29tL3Jlbm92YXRlYm90L3Jlbm92
YXRlKQotIE9wdGlvbmFsbHkgYWRkIGNvdmVyYWdlIHJlcG9ydAotIE9wdGlv
bmFsbHkgYWRkIENMSQoKIyMgSW5zdGFsbGF0aW9uCgpJbnN0YWxsIFtZZW9t
YW5dKGh0dHA6Ly95ZW9tYW4uaW8pIGFuZCBnZW5lcmF0b3Itbm0tYm9pbGVy
cGxhdGUgdXNpbmcgW25wbV0oaHR0cHM6Ly93d3cubnBtanMuY29tLykgKHdl
IGFzc3VtZSB5b3UgaGF2ZSBwcmUtaW5zdGFsbGVkIFtub2RlLmpzXShodHRw
czovL25vZGVqcy5vcmcvKSkuCgpgYGBiYXNoCm5wbSBpbnN0YWxsIC1nIHlv
Cm5wbSBpbnN0YWxsIC1nIGdlbmVyYXRvci1ubS1ib2lsZXJwbGF0ZQpgYGAK
CiMjIFVzYWdlCgpHZW5lcmF0ZSB5b3VyIG5ldyBwcm9qZWN0OgoKYGBgYmFz
aAp5byBubS1ib2lsZXJwbGF0ZQpgYGAKCipOb3RlIHRoYXQgdGhpcyB0ZW1w
bGF0ZSB3aWxsIGdlbmVyYXRlIGZpbGVzIGluIHRoZSBjdXJyZW50IGRpcmVj
dG9yeSwgc28gYmUgc3VyZSB0byBjaGFuZ2UgdG8gYSBuZXcgZGlyZWN0b3J5
IGZpcnN0IGlmIHlvdSBkb24ndCB3YW50IHRvIG92ZXJ3cml0ZSBleGlzdGlu
ZyBmaWxlcy4qCgpUaGF0J2xsIGdlbmVyYXRlIGEgcHJvamVjdCB3aXRoIGFs
bCB0aGUgY29tbW9uIHRvb2xzIHNldHVwLiBUaGlzIGluY2x1ZGVzOgoKLSBG
aWxsZWQgYHBhY2thZ2UuanNvbmAgZmlsZQotIFthdmFdKGh0dHBzOi8vZ2l0
aHViLmNvbS9hdmFqcy9hdmEpIHVuaXQgdGVzdCBhbmQgY29kZSBjb3ZlcmFn
ZSAob3B0aW9uYWxseSB0cmFja2VkIG9uIFtjb2RlY292XShodHRwczovL2Nv
ZGVjb3YuaW8vKSkKLSBbZXNsaW50XShodHRwOi8vZXNsaW50Lm9yZy8pIGxp
bnRpbmcgYW5kIGNvZGUgc3R5bGUgY2hlY2tpbmcgW3ByZXR0aWVyXShodHRw
czovL2dpdGh1Yi5jb20vcHJldHRpZXIvcHJldHRpZXIpCi0gW25zcF0oaHR0
cHM6Ly9ub2Rlc2VjdXJpdHkuaW8vKSBrbm93biB2dWxuZXJhYmlsaXR5IGNo
ZWNrCi0gW1RyYXZpcyBDSV0oaHR0cHM6Ly90cmF2aXMtY2kub3JnLykgY29u
dGludW91cyBpbnRlZ3JhdGlvbgotIFtMaWNlbnNlXShodHRwczovL3NwZHgu
b3JnL2xpY2Vuc2VzLykgdXNpbmcgTUlUCi0gW1Jlbm92YXRlXShodHRwczov
L2dpdGh1Yi5jb20vcmVub3ZhdGVib3QvcmVub3ZhdGUpIGRlcGVuZGVuY3kg
dXBkYXRlIGF1dG9tYXRpb24KCgojIyBHZXR0aW5nIFRvIEtub3cgWWVvbWFu
CgogKiBZZW9tYW4gaGFzIGEgaGVhcnQgb2YgZ29sZC4KICogWWVvbWFuIGlz
IGEgcGVyc29uIHdpdGggZmVlbGluZ3MgYW5kIG9waW5pb25zLCBidXQgaXMg
dmVyeSBlYXN5IHRvIHdvcmsgd2l0aC4KICogWWVvbWFuIGNhbiBiZSB0b28g
b3BpbmlvbmF0ZWQgYXQgdGltZXMgYnV0IGlzIGVhc2lseSBjb252aW5jZWQg
bm90IHRvIGJlLgogKiBGZWVsIGZyZWUgdG8gW2xlYXJuIG1vcmUgYWJvdXQg
WWVvbWFuXShodHRwOi8veWVvbWFuLmlvLykuCgojIyBMaWNlbnNlCgpNSVQg
wqkgW1pZU3p5c10oenlzenlzLnRvcCkK
","bGFuZ3VhZ2U6IG5vZGVfanMKbm9kZV9qczoKICAtICcxMCcKICAtICc4Jzwl
IGlmIChjb2RlY292KSB7ICU+CmFmdGVyX3NjcmlwdDoKICAtICcuL25vZGVf
bW9kdWxlcy8uYmluL255YyByZXBvcnQgLS1yZXBvcnRlcj10ZXh0LWxjb3Yg
PiBjb3ZlcmFnZS5sY292ICYmIC4vbm9kZV9tb2R1bGVzLy5iaW4vY29kZWNv
dic8JSB9ICU+Cg==
"
b'bioruby-gem',1093518,b'BioGem helps Bioinformaticians start developing plugins/modules for BioRuby creating a scaffold and a gem package',b'Ruby',12,14,,14,"PSBCaW9nZW0KCkhlbGlvczogezxpbWcKc3JjPSJodHRwczovL3NlY3VyZS50
cmF2aXMtY2kub3JnL2hlbGlvcy9iaW9ydWJ5LWdlbS5wbmciLz59W2h0dHA6
Ly90cmF2aXMtY2kub3JnLyMhL2hlbGlvcy9iaW9ydWJ5LWdlbV0KClBqb3Ry
OiB7PGltZyBzcmM9Imh0dHBzOi8vc2VjdXJlLnRyYXZpcy1jaS5vcmcvcGpv
dHJwL2Jpb3J1YnktZ2VtLnBuZyIvPn1baHR0cDovL3RyYXZpcy1jaS5vcmcv
IyEvcGpvdHJwL2Jpb3J1YnktZ2VtXQoKQmlvZ2VtIHByb3ZpZGVzIGEgc2V0
IG9mIHRvb2xzIGZvciB0aG9zZSBCaW9pbmZvcm1hdGljYW5zIHdobyB3YW50
IHRvCnN0YXJ0IGNvZGluZyBhbiBhcHBsaWNhdGlvbiwgb3IgYSBsaWJyYXJ5
IGZvciB1c2luZy9leHRlbmRpbmcKQmlvUnVieSdzIGNvcmUgbGlicmFyeSBh
bmQgc2hhcmluZyB0aGUgY29kZSBhcyBhIGdlbSB0aHJvdWdoCmh0dHA6Ly9y
dWJ5Z2Vtcy5vcmcuIEJpb2dlbXMgYXJlIGF1dG9tYXRpY2FsbHkgbGlzdGVk
IGF0Cmh0dHA6Ly9iaW9nZW1zLmluZm8KClRoZSBiYXNpYyBpZGVhIGlzIHRv
IHByb21vdGUgYSBtb2R1bGFyIGFwcHJvYWNoIHRvIHRoZSBCaW9SdWJ5CnBh
Y2thZ2UsIGFuZCBzaW1wbGlmeSBjcmVhdGluZyBzdWNoIG1vZHVsZXMuIEJp
b2dlbSBjcmVhdGVzIHRoZQpuZWNlc3NhcnkgZGlyZWN0b3J5IHN0cnVjdHVy
ZSBmb3IgYSBnZW0sIGFuZCBnZW5lcmF0ZXMgZmlsZXMsIGJhc2VkIG9uCnRl
bXBsYXRlcy4gQmlvZ2VtIGluY2x1ZGVzIHRlbXBsYXRlcyBmb3IgcGFyc2lu
ZyB0aGUgY29tbWFuZCBsaW5lLApsb2dnaW5nLCBsaWJyYXJpZXMsCmRvY3Vt
ZW50YXRpb24sIHRlc3RzLiBBbHNvIHRoZXJlIGlzIFJ1Ynkgb24gUmFpbHMg
c3VwcG9ydCwgQmlvU1FMIGFuZApGRkkgKGZvciBiaW5kaW5nIHRvIEMgbGli
cmFyaWVzKS4KCkJpb2dlbSBkb2VzIG5vdCByZWludmVudCB0aGUgd2hlZWws
IGJ1dCBwdXRzIHRvZ2V0aGVyIGRpZmZlcmVudAp0b29scyBhbmQgbW9kaWZp
ZXMgdGhlaXIgb3JpZ2luYWwgYmVoYXZpb3IsIHdoZW4gbmVlZGVkLiBUaGUg
dG9vbApqZXdlbGVyIGlzIHVzZWQgdG8gY3JlYXRlIHRoZSBpbml0aWFsIHNj
YWZmb2xkLCBzZXR0aW5nIHVwIGdpdCBmb3IKdmVyc2lvbmluZywgcmVsZWFz
aW5nIGl0IHRvIGdpdGh1Yi5jb20gYW5kL29yIHJ1YnlnZW1zLm9yZyBhbmQK
cGFja2FnaW5nLiBCdW5kbGVyIGlzIHVzZWQgdXNlZCBmb3Igc2V0dGluZyB1
cCBhIHByZWRlZmluZWQgZGV2ZWxvcGluZwplbnZpcm9ubWVudC4KCkFsc28g
QmlvZ2VtIG1ha2VzIHVzZSBvZiB3ZWJzZXJ2aWNlcy4gQ3VycmVudGx5Cgoq
IEdpdEh1Yi5jb20gCiAgaXMgdXNlZCBmb3IgbWFpbnRhaW5pbmcgdGhlIHNv
dXJjZSB0cmVlLCB0cmFja2luZyBjaGFuZ2VzIGFuZAogIGlzc3Vlcy4gQ3Jl
YXRlIGEgZ2l0aHViIGFjY291bnQgaWYgeW91IGRvbid0IGhhdmUgb25lLgoq
IFJ1YnlHZW1zLm9yZwogIHB1Ymxpc2hlcyB5b3VyIHNvZnR3YXJlIGZvciBv
dGhlciBwZW9wbGUgdG8gaW5zdGFsbCBhbmQgdXNlCiogYmlvZ2Vtcy5pbmZv
CiAgdHJhY2tzIGFsbCBiaW9nZW1zLCBzbyBwZW9wbGUgY2FuIGZpbmQgdGhl
bQoKPT0gSW5zdGFsbGF0aW9uCgo9PT0gUHJlLXJlcXVpc2l0ZXMKCiogUnVi
eTogUnVieTogMS45CiAgKiBkZXZlbG9wbWVudCBhbmQgaW5zdGFsbGF0aW9u
IGhhdmUgYmVlbiB0ZXN0ZWQgb24gMS45LjIsIDEuOS4zLgoKKiBSVk06IFJW
TSBodHRwOi8vYmVnaW5yZXNjdWVlbmQuY29tLyBpcyBvcHRpb25hbCwgYnV0
IHN1Z2dlc3RlZC4gTm90IG9ubHkgY2FuIHlvdSBzcGVjaWZ5IHRoZSBSdWJ5
IGludGVycHJldGVyIHZlcnNpb24gdGhhdCB3b3JrcyBiZXN0IHdpdGggQmlv
Z2VtLCBSVk0gYWxzbyBhbGxvd3MgbXVsdGlwbGUgcnVieSBpbnRlcnByZXRl
cnMgaW4geW91ciBob21lIGRpcmVjdG9yeSBmb3IgdGVzdGluZyBwdXJwb3Nl
cy4gV2hlbiB1c2luZyBSVk0sIG1ha2Ugc3VyZSB0byBjb21waWxlIHdpdGgg
b3BlbnNzbCBzdXBwb3J0LCBlLmcuIG9uIERlYmlhbgogICAkIHN1ZG8gYXB0
LWdldCBpbnN0YWxsIGxpYnNzbC1kZXYgCiAgICQgcnZtIGluc3RhbGwgMS45
LjMgLS13aXRoLW9wZW5zc2wtZGlyPSRIT01FLy5ydm0vdXNyCgoqIEdpdEh1
YiAmIFJ1YnlHZW1zOiBJbiBvcmRlciB0byB1c2UgQmlvZ2VtIHRvIGl0cyBm
dWxsZXN0IHBvdGVudGlhbCwgeW91IG11c3QgY3JlYXRlIGEgcmVndWxhciBH
aXRIdWIgIGh0dHA6Ly9naXRodWIuY29tIGFuZCAgUnVieUdlbXMgaHR0cDov
L3J1YnlnZW1zLm9yZyBhY2NvdW50LiBXaHk/IEJlY2F1c2UgZm9yIHNoYXJp
bmcgYW5kIGtlZXBpbmcgdHJhY2sgb2Ygc291cmNlIGNvZGUgd2UgKGN1cnJl
bmx0eSkgdXNlIGdpdGh1YiBhbmQgZm9yIGRpc3RyaWJ1dGluZyB0aGUgcGx1
Z2luIHdlIHJlbHkgb24gUnVieUdlbXMsIHRoZSByZWZlcmVuY2UgUnVieSBn
ZW0gcmVwb3NpdG9yeS4gVG8gY29uZmlndXJlIGdpdGh1YiBhbmQgYXV0b21h
dGUgbW9zdCBvZiBCaW9nZW0ncyB0YXNrczoKICAgJCBnaXQgY29uZmlnIC0t
Z2xvYmFsIHVzZXIubmFtZSAiRmlyc3RuYW1lIExhc3RuYW1lIiBTZXRzIHRo
ZSBuYW1lIG9mIHRoZSB1c2VyIGZvciBhbGwgZ2l0IGluc3RhbmNlcyBvbiB0
aGUgc3lzdGVtCiAgICQgZ2l0IGNvbmZpZyAtLWdsb2JhbCB1c2VyLmVtYWls
ICJ5b3VyX2VtYWlsQHlvdXJlbWFpbC5jb20iCiAgICQgZ2l0IGNvbmZpZyAt
LWdsb2JhbCBnaXRodWIudXNlciAidXNlcl9pZCIKICAgJCBnaXQgY29uZmln
IC0tZ2xvYmFsIGdpdGh1Yi50b2tlbiAiVE9LRU4gQVNTSUdORUQgQlkgR0lU
SFVCIgoKTm90ZTogYW5vdGhlciBSdWJ5IHZlcnNpb24gbWFuYWdlbWVudCBz
eXN0ZW0gdXNlZCBpbiBCaW9SdWJ5IGNvbW11bml0eSBpcyBodHRwczovL2dp
dGh1Yi5jb20vc3N0ZXBoZW5zb24vcmJlbnYgYnV0IGZvciBub3cgd2UgY2Fu
IG5vdCBwcm92aWRlIHN1cHBvcnQgZm9yIGl0LgoKPT09PSBJTVBPUlRBTlQg
Tk9URQoKUnVieWdlbXMgd2lsbCBub3QgbGV0IHlvdSBpbnN0YWxsIEJpb2dl
bSBpbiBhbiBlbnZpcm9ubWVudCB3aXRoIGEgUnVieQppbnRlcnByZXRlciBv
bGRlciB0aGFuIDEuOS5YLiBCaW9nZW0gY2FuIGNyZWF0ZSBnZW1zIGZvciBS
dWJ5IDEuOC43IC0KYnV0IHlvdSBuZWVkIGEgcmVjZW50IHZlcnNpb24gb2Yg
UnVieSBhbmQgdG9vbHMgdG8gcnVuIEJpb2dlbSBpdHNlbGYuCgpBbHNvIGl0
IGlzIHJlY29tbWVuZGVkIHRvIGluc3RhbGwgdGhlIGxhdGVzdCB2ZXJzaW9u
IG9mIGJ1bmRsZXIgdXNpbmcKCiAgJCBnZW0gaW5zdGFsbCBidW5kbGVyCgo9
PT0gRG93bmxvYWQKCkluc3RhbGwgdGhlIEJpb2dlbSB0b29sc2V0IHdpdGgK
CiAgICQgZ2VtIGluc3RhbGwgYmlvLWdlbQoKYWxsIHRoZSByZXF1aXJlZCBk
ZXBlbmRlbmNpZXMgd2lsbCBiZSBkb3dubG9hZGVkIGFuZCBpbnN0YWxsZWQg
YXV0b21hdGljYWxseS4KCiAgICQgZ2VtIGluc3RhbGwgYmlvLWdlbQogICBG
ZXRjaGluZzogcmFrZS0wLjkuMi4yLmdlbSAoMTAwJSkKICAgRmV0Y2hpbmc6
IGdpdC0xLjIuNS5nZW0gKDEwMCUpCiAgIEZldGNoaW5nOiBqZXdlbGVyLTEu
Ni40LmdlbSAoMTAwJSkKICAgRmV0Y2hpbmc6IGpzb24tMS42LjQuZ2VtICgx
MDAlKQogICBCdWlsZGluZyBuYXRpdmUgZXh0ZW5zaW9ucy4gIFRoaXMgY291
bGQgdGFrZSBhIHdoaWxlLi4uCiAgIEZldGNoaW5nOiByZG9jLTMuMTIuZ2Vt
ICgxMDAlKQogICBEZXBlbmRpbmcgb24geW91ciB2ZXJzaW9uIG9mIHJ1Ynks
IHlvdSBtYXkgbmVlZCB0byBpbnN0YWxsIHJ1YnkgcmRvYy9yaSBkYXRhOgog
ICA8PSAxLjguNiA6IHVuc3VwcG9ydGVkCiAgICA9IDEuOC43IDogZ2VtIGlu
c3RhbGwgcmRvYy1kYXRhOyByZG9jLWRhdGEgLS1pbnN0YWxsCiAgICA9IDEu
OS4xIDogZ2VtIGluc3RhbGwgcmRvYy1kYXRhOyByZG9jLWRhdGEgLS1pbnN0
YWxsCiAgID49IDEuOS4yIDogbm90aGluZyB0byBkbyEgWWF5IQogICBGZXRj
aGluZzogYmlvLWdlbS0xLjIuMC5nZW0gKDEwMCUpCiAgIFN1Y2Nlc3NmdWxs
eSBpbnN0YWxsZWQgcmFrZS0wLjkuMi4yCiAgIFN1Y2Nlc3NmdWxseSBpbnN0
YWxsZWQgZ2l0LTEuMi41CiAgIFN1Y2Nlc3NmdWxseSBpbnN0YWxsZWQgamV3
ZWxlci0xLjYuNAogICBTdWNjZXNzZnVsbHkgaW5zdGFsbGVkIGpzb24tMS42
LjQKICAgU3VjY2Vzc2Z1bGx5IGluc3RhbGxlZCByZG9jLTMuMTIKICAgU3Vj
Y2Vzc2Z1bGx5IGluc3RhbGxlZCBiaW8tZ2VtLTEuMi4wCiAgIDYgZ2VtcyBp
bnN0YWxsZWQKICAgSW5zdGFsbGluZyByaSBkb2N1bWVudGF0aW9uIGZvciBy
YWtlLTAuOS4yLjIuLi4KICAgSW5zdGFsbGluZyByaSBkb2N1bWVudGF0aW9u
IGZvciBnaXQtMS4yLjUuLi4KICAgSW5zdGFsbGluZyByaSBkb2N1bWVudGF0
aW9uIGZvciBqZXdlbGVyLTEuNi40Li4uCiAgIEluc3RhbGxpbmcgcmkgZG9j
dW1lbnRhdGlvbiBmb3IganNvbi0xLjYuNC4uLgogICBJbnN0YWxsaW5nIHJp
IGRvY3VtZW50YXRpb24gZm9yIHJkb2MtMy4xMi4uLgogICBJbnN0YWxsaW5n
IHJpIGRvY3VtZW50YXRpb24gZm9yIGJpby1nZW0tMS4yLjAuLi4KICAgSW5z
dGFsbGluZyBSRG9jIGRvY3VtZW50YXRpb24gZm9yIHJha2UtMC45LjIuMi4u
LgogICBJbnN0YWxsaW5nIFJEb2MgZG9jdW1lbnRhdGlvbiBmb3IgZ2l0LTEu
Mi41Li4uCiAgIEluc3RhbGxpbmcgUkRvYyBkb2N1bWVudGF0aW9uIGZvciBq
ZXdlbGVyLTEuNi40Li4uCiAgIEluc3RhbGxpbmcgUkRvYyBkb2N1bWVudGF0
aW9uIGZvciBqc29uLTEuNi40Li4uCiAgIEluc3RhbGxpbmcgUkRvYyBkb2N1
bWVudGF0aW9uIGZvciByZG9jLTMuMTIuLi4KICAgSW5zdGFsbGluZyBSRG9j
IGRvY3VtZW50YXRpb24gZm9yIGJpby1nZW0tMS4yLjAuLi4KCk5vdGU6IHRo
ZSBhYm92ZSBsaXN0IG9mIGRlcGVuZGVuY2llcyBpcyBqdXN0IGFuIGV4YW1w
bGUgYW5kIGl0IG1heSB2YXJ5IGZyb20geW91ciBjdXJyZW50IGluc3RhbGxh
dGlvbi4KCj09IEJyb3dzZSB0aGUgZG9jdW1lbnRhdGlvbgoKRHVyaW5nIHRo
ZSBpbnN0YWxsYXRpb24geW91IG1heSBub3RlIGhvdyBSdWJ5Z2VtcyBpbnN0
YWxsIHRoZSBkb2N1bWVudGF0aW9uIGZvciB5b3UsIGZvciBlYWNoIGxpYnJh
cnkgaW5zdGFsbGVkLgpJcyBwb3NzaWJsZSB0byBhY2Nlc3MgdG8gYWxsIHRo
ZSBkb2N1bWVudGF0aW9ucyBhbmQgQVBJIGluc3RhbGxlZCBzaW1wbHkgdHlw
aW5nIGluIHRoZSBjb21tYW5kIGxpbmU6CgogICAgJCBnZW0gc2VydmVyCglT
ZXJ2ZXIgc3RhcnRlZCBhdCBodHRwOi8vMC4wLjAuMDo4ODA4CglTZXJ2ZXIg
c3RhcnRlZCBhdCBodHRwOi8vWzo6ZmZmZjowLjAuMC4wXTo4ODA4CgpUbyBz
ZWUgQmlvZ2VtIGRvY3VtZW50YXRpb24gbG9jYWxseSB1c2UgdGhpcyBsaW5r
OgogICAgaHR0cDovL2xvY2FsaG9zdDo4ODA4L2RvY19yb290L2Jpby1nZW0t
MS4yLjAvcmRvYy9SRUFETUVfcmRvYy5odG1sCgpOb3RlOiB0aGUgYWJvdmUg
bGluayBtdXN0IGJlIHVwZGF0ZSB3aXRoIHlvdXIgY3VycmVudCB2ZXJzaW9u
IG9mIEJpb2dlbQoKPT0gQmlvZ2VtIFR1dG9yaWFsIEhvd1RvIERldmVsb3Ag
YSBwbHVnaW5zCgpQbGVhc2UgZm9sbG93IHRoZSBndWlkZSByZXBvcnRlZCBp
biB0dXRvcmlhbCBodHRwczovL2dpdGh1Yi5jb20vaGVsaW9zL2Jpb3J1Ynkt
Z2VtL2Jsb2IvbWFzdGVyL1R1dG9yaWFsLnJkb2MsIHdoaWNoIGlzIHRoZSBt
b3N0IHVwIHRvIGRhdGUgdmVyc2lvbi4KWW91J2xsIGZpbmQgb3V0IGhvdyB0
byBjcmVhdGUKCiogYSBzaW1wbGUgcGx1Z2luCiogZW1iZWQgYSBkYXRhYmFz
ZQoqIGNyZWF0ZSBhIEJpb2dlbSBFbmdpbmUgdG8gZW1iZWQgeW91ciBnZW0g
aW50byBhIFJ1Ynkgb24gUmFpbHMgd2ViIGFwcGxpY2F0aW9uCgphbmQgbXVj
aCBtb3JlCgoKPT0gQmlvZ2VtcyBPZmZpY2lhbCBBcmNoaXZlCgoqIGh0dHA6
Ly9iaW9nZW1zLmluZm8KCj09IENvbnRyaWJ1dGluZyB0byBCaW9nZW0KClRo
ZSBzb3VyY2UgY29kZSByZXBvc2l0b3JpZXMgZm9yIEJpb2dlbSBhbmQgaHR0
cDovL2Jpb2dlbXMuaW5mbwp3ZWJzaXRlIGFyZSBvbiBnaXRodWIKCiogaHR0
cHM6Ly9naXRodWIuY29tL2hlbGlvcy9iaW9ydWJ5LWdlbQoqIGh0dHBzOi8v
Z2l0aHViLmNvbS9wam90cnAvYmlvZ2Vtcy5pbmZvCgpVc2UgQmlvZ2VtIGZv
ciBhbGwgcHVycG9zZXMgRFJZLiBJZiB5b3Ugd2FudCB0byBjb250cmlidXRl
LCBmZWVsIGZyZWUhIENsb25lIHRoZQpwcm9qZWN0ISBTdWJtaXQhIFNlbmQg
dXMgYSBwdWxsIHJlcXVlc3QhCgo9PSBCaW9SdWJ5J3MgV2lraSBPZmZpY2lh
bCBEb2N1bWVudGF0aW9uCgoqIGh0dHA6Ly9iaW9ydWJ5Lm9wZW4tYmlvLm9y
Zy93aWtpL1BsdWdpbnMKCj09IEJpb2dlbSBvcHRpb25zCgpVc2FnZTogYmlv
Z2VtIFtvcHRpb25zXSByZXBvbmFtZQoKZS5nLiBiaW9nZW0gdGhlLXBlcmZl
Y3QtZ2VtCgogICAgICAgIC0tZGlyZWN0b3J5IFtESVJFQ1RPUlldICAgICAg
c3BlY2lmeSB0aGUgZGlyZWN0b3J5IHRvIGdlbmVyYXRlIGludG8KICAgIFRo
ZXNlIG9wdGlvbnMgYXJlIGZvciBCaW9HZW0KICAgICAgICAtLW1ldGEgICAg
ICAgICAgICAgICAgICAgICAgIGNyZWF0ZSBhIG1ldGEgcGFja2FnZSwganVz
dCB0aGUgUmFrZWZpbGUsIEdlbWZpbGUsIExpY2VuY2UsIFJlYWRtZS4gVGhp
cyBvcHRpb25zIHRha2VzIHRoZSBwcmVjZWRlbmNlIG92ZXIgZXZlcnkgb3Ro
ZXIgb3B0aW9uLgogICAgICAgIC0td2l0aC1iaW4gICAgICAgICAgICAgICAg
ICAgY3JlYXRlIHRoZSBiaW4gZGlyZWN0b3J5IGFuZCBhbiBleGVjdXRhYmxl
IHRlbXBsYXRlIHNjcmlwdCBjYWxsZWQgYmlvcmVwb25hbWUKICAgICAgICAt
LXdpdGgtZGIgICAgICAgICAgICAgICAgICAgIGNyZWF0ZSB0aGUgZGF0YWJh
c2UgZGlyZWN0b3J5IGZvciBhIGRiIGFwcGxpY2F0aW9uLWxpYnJhcnkuCiAg
ICAgICAgLS13aXRoLXRlc3QtZGF0YSAgICAgICAgICAgICBjcmVhdGUgdGhl
IGRhdGEgZGlyZWN0b3J5IGluc2lkZSB0aGUgdGVzdCBkaXJlY3RvcnkgaWYg
dGhlIHVzZXIgbmVlZCB0byBzZXQgdXAgYSB0ZXN0IHdpdGggaXRzIG93biBk
YXRhc2V0CiAgICAgICAgLS13aXRoLWVuZ2luZSBbTkFNRVNQQUNFXSAgICBj
cmVhdGUgYSBSYWlscyBlbmdpbmUgd2l0aCB0aGUgbmFtZXNwYWNlIGdpdmVu
IGluIGlucHV0LiBTZXQgZGVmYXVsdCBkYXRhYmFzZSBjcmVhdGlvbgogICAg
VGhlc2Ugb3B0aW9ucyBhcmUgZm9yIEpld2VsZXIKICAgICAgICAtLXJzcGVj
ICAgICAgICAgICAgICAgICAgICAgIGdlbmVyYXRlIHJzcGVjIGNvZGUgZXhh
bXBsZXMKICAgICAgICAtLXNob3VsZGEgICAgICAgICAgICAgICAgICAgIGdl
bmVyYXRlIHNob3VsZGEgdGVzdHMKICAgICAgICAtLXRlc3R1bml0ICAgICAg
ICAgICAgICAgICAgIGdlbmVyYXRlIHRlc3QvdW5pdCB0ZXN0cwogICAgICAg
IC0tYmFjb24gICAgICAgICAgICAgICAgICAgICAgZ2VuZXJhdGUgYmFjb24g
c3BlY2lmaWNhdGlvbnMKICAgICAgICAtLXRlc3RzcGVjICAgICAgICAgICAg
ICAgICAgIGdlbmVyYXRlIHRlc3Qvc3BlYyB0ZXN0cwogICAgICAgIC0tbWlu
aXRlc3QgICAgICAgICAgICAgICAgICAgZ2VuZXJhdGUgbWluaXRlc3QgdGVz
dHMKICAgICAgICAtLW1pY3JvbmF1dCAgICAgICAgICAgICAgICAgIGdlbmVy
YXRlIG1pY3JvbmF1dCBleGFtcGxlcwogICAgICAgIC0tcmlvdCAgICAgICAg
ICAgICAgICAgICAgICAgZ2VuZXJhdGUgcmlvdCB0ZXN0cwogICAgICAgIC0t
c2hpbmRvICAgICAgICAgICAgICAgICAgICAgZ2VuZXJhdGUgc2hpbmRvIHRl
c3RzCiAgICAgICAgLS1bbm8tXWJ1bmRsZXIgICAgICAgICAgICAgICB1c2Ug
YnVuZGxlciBmb3IgbWFuYWdpbmcgZGVwZW5kZW5jaWVzCiAgICAgICAgLS1j
dWN1bWJlciAgICAgICAgICAgICAgICAgICBnZW5lcmF0ZSBjdWN1bWJlciBz
dG9yaWVzIGluIGFkZGl0aW9uIHRvIHRoZSBvdGhlciB0ZXN0cwogICAgICAg
IC0tcmVlayAgICAgICAgICAgICAgICAgICAgICAgZ2VuZXJhdGUgcmFrZSB0
YXNrIGZvciByZWVrCiAgICAgICAgLS1yb29kaSAgICAgICAgICAgICAgICAg
ICAgICBnZW5lcmF0ZSByYWtlIHRhc2sgZm9yIHJvb2RpCiAgICAgICAgLS1z
dW1tYXJ5IFtTVU1NQVJZXSAgICAgICAgICBzcGVjaWZ5IHRoZSBzdW1tYXJ5
IG9mIHRoZSBwcm9qZWN0CiAgICAgICAgLS1kZXNjcmlwdGlvbiBbREVTQ1JJ
UFRJT05dICBzcGVjaWZ5IGEgZGVzY3JpcHRpb24gb2YgdGhlIHByb2plY3QK
ICAgICAgICAtLXVzZXItbmFtZSBbVVNFUl9OQU1FXSAgICAgIHRoZSB1c2Vy
J3MgbmFtZSwgaWUgdGhhdCBpcyBjcmVkaXRlZCBpbiB0aGUgTElDRU5TRQog
ICAgICAgIC0tdXNlci1lbWFpbCBbVVNFUl9FTUFJTF0gICAgdGhlIHVzZXIn
cyBlbWFpbCwgaWUgdGhhdCBpcyBjcmVkaXRlZCBpbiB0aGUgR2VtIHNwZWNp
ZmljYXRpb24KICAgICAgICAtLWdpdGh1Yi11c2VybmFtZSBbR0lUSFVCX1VT
RVJOQU1FXSBuYW1lIG9mIHRoZSB1c2VyIG9uIEdpdEh1YiB0byBzZXQgdGhl
IHByb2plY3QgdXAgdW5kZXIKICAgICAgICAtLWdpdGh1Yi10b2tlbiBbR0lU
SFVCX1RPS0VOXSBHaXRIdWIgdG9rZW4gdG8gdXNlIGZvciBpbnRlcmFjdGlu
ZyB3aXRoIHRoZSBHaXRIdWIgQVBJCiAgICAgICAgLS1naXQtcmVtb3RlIFtH
SVRfUkVNT1RFXSAgICBVUkkgdG8gc2V0IHRoZSBnaXQgb3JpZ2luIHJlbW90
ZSB0bwogICAgICAgIC0taG9tZXBhZ2UgW0hPTUVQQUdFXSAgICAgICAgdGhl
IGhvbWVwYWdlIGZvciB5b3VyIHByb2plY3QgKGRlZmF1bHRzIHRvIHRoZSBH
aXRIdWIgcmVwbykKICAgICAgICAtLW5vLWNyZWF0ZS1yZXBvICAgICAgICAg
ICAgIGRvbnQndCBjcmVhdGUgdGhlIHJlcG9zaXRvcnkgb24gR2l0SHViCiAg
ICAgICAgLS15YXJkICAgICAgICAgICAgICAgICAgICAgICB1c2UgeWFyZCBm
b3IgZG9jdW1lbnRhdGlvbgogICAgICAgIC0tcmRvYyAgICAgICAgICAgICAg
ICAgICAgICAgdXNlIHJkb2MgZm9yIGRvY3VtZW50YXRpb24KICAgIC1oLCAt
LWhlbHAgICAgICAgICAgICAgICAgICAgICAgIGRpc3BsYXkgdGhpcyBoZWxw
IGFuZCBleGl0CgpSZWNlbnQgdmVyc2lvbnMgb2YgQmlvZ2VtIG1heSBoYXZl
IG1vcmUgb3B0aW9ucy4gRm9yIGEgZnVsbCBsaXN0IHJ1bgoKICAgIGJ1bmRs
ZSBleGVjIHJha2UgLVQKCj09IENvcHlyaWdodAoKQ29weXJpZ2h0IChjKSAy
MDEwLTIwMTIgUmFvdWwgSi5QLiBCb25uYWwuIFNlZSBMSUNFTlNFLnR4dCBm
b3IKZnVydGhlciBkZXRhaWxzLgoKCg==
","bGFuZ3VhZ2U6IHJ1YnkKcnZtOgogIC0gMS45LjIKICAtIDEuOS4zCiAgLSBq
cnVieS0xOW1vZGUgIyBKUnVieSBpbiAxLjkgbW9kZQoKIyAtIHJieC0xOW1v
ZGUKIyAgLSAxLjguNwojICAtIGpydWJ5LTE4bW9kZSAjIEpSdWJ5IGluIDEu
OCBtb2RlCiMgIC0gcmJ4LTE4bW9kZQoKIyB1bmNvbW1lbnQgdGhpcyBsaW5l
IGlmIHlvdXIgcHJvamVjdCBuZWVkcyB0byBydW4gc29tZXRoaW5nIG90aGVy
IHRoYW4gYHJha2VgOgojIHNjcmlwdDogYnVuZGxlIGV4ZWMgcnNwZWMgc3Bl
Ywo=
"
b'lexer-json-22k-1',126751615,b'lexer-json-22k-1 created by GitHub Classroom',b'Python',0,0,,0,"TGV4ZXIgZG8gSlNPTgo9PT09PT09PT09PT09CgpJbXBsZW1lbnRhciB1dGls
aXphbmRvICoqYXBlbmFzKiogYXMgYmlibGlvdGVjYXMgbmF0aXZhcyBkbyBQ
eXRob24gKGV4LjogbcOzZHVsbyByZSkKdW0gbGV4ZXIgcGFyYSBvIGZvcm1h
dG8gSlNPTiAgKGh0dHA6Ly9qc29uLm9yZy8pCgpPIHNldSBsZXhlciBkZXZl
IGluY2x1aXIgdW1hIGZ1bsOnw6NvIGBgbGV4ZXIoc3JjOiBzdHIpIC0+IGxp
c3RgYCBxdWUgcmV0b3JuYSB1bWEKbGlzdGEgZGUgdG9rZW5zIGEgcGFydGly
IGRlIHVtYSBzdHJpbmcgZGUgY8OzZGlnbyBmb250ZSBKU09OLiBDYWRhIHRv
a2VuIGRldmUKdGVyIHBlbG8gbWVub3MgZG9pcyBjYW1wb3M6IGBgdG9rZW4u
dmFsdWVgYCwgcXVlIGNvbnTDqm0gbyB2YWxvciBkYSBtZXNtYSBjb21vCnN0
cmluZyBlIGBgdG9rZW4udHlwZWBgIHF1ZSBpZGVudGlmaWNhIG8gdGlwbyBk
ZSB0b2tlbiAobnVtYmVyLCBzdHJpbmcsIGJvb2xlYW4sCmV0YykuCgoKRGF0
YSBkZSBlbnRyZWdhOiAyNy8wMy8yMDE4CkdydXBvOiAxIG91IDIgcGVzc29h
cwpOb3RhOgogIEJhc2VhZGEgZW0gdGVzdGVzIHVuaXTDoXJpb3MKCiAgICAt
IFBhc3NvdSBlbSB0ZXN0X2Jhc2ljLnB5OiA1MCUKICAgIC0gUGFzc291IGVt
IHRlc3RfZnVsbC5weTogNzUlCiAgICAtIFBhc3NvdSBuYSBzdWl0ZSBkZSB0
ZXN0ZSBjb21wbGV0YSBubyBjb21wdXRhZG9yIGRvIHByb2Zlc3NvcjogMTAw
JQoKICBBIG5vdGEgcG9kZSBzZXIgcmV2aXN0YSBlIGFudWxhZGEgcGVsYSBw
cmVzZW7Dp2EgZGUgcGzDoWdpby4KCgpSb2RhbmRvIG9zIHRlc3RlcwotLS0t
LS0tLS0tLS0tLS0tLQoKVm9jw6ogZGV2ZSB0ZXIgbyBQeXRlc3QgcGFyYSBQ
eXRob24gMyBpbnN0YWxhZG8gbmEgc3VhIG3DoXF1aW5hIChgYHBpcDMgaW5z
dGFsbCBweXRlc3QgLS11c2VyYGApLgpQYXJhIHJvZGFyIG9zIHRlc3Rlcywg
c2ltcGxlc21lbnRlIGV4ZWN1dGUgYGBweXRlc3QgLS1tYXhmYWlsPTJgYC4g
ClNlIHF1aXNlciByb2RhciBhcGVuYXMgb3MgdGVzdGVzIGLDoXNpY29zLCBl
eGVjdXRlIGBgcHl0ZXN0IC0tbWF4ZmFpbD0yIHRlc3RfYmFzaWMucHlgYAog
","bGFuZ3VhZ2U6IHB5dGhvbgpweXRob246CiAgLSAiMy42IgoKaW5zdGFsbDoK
ICAtIHBpcCBpbnN0YWxsIHB5dGVzdAoKc2NyaXB0OgogIC0gcHl0ZXN0IHRl
c3RfYmFzaWMucHkKICAtIHB5dGVzdCB0ZXN0X2Z1bGwucHkKICA=
"
b'TravisTesting',177186674,,b'HTML',0,0,,0,,"bGFuZ3VhZ2U6IGphdmEKICAKamRrOgogIC0gb3JhY2xlamRrOAoKc2Vydmlj
ZXM6CiAgLSBkb2NrZXIKCmVudjoKICAtIFNFTF9JTUdfVEFHPWxhdGVzdCBT
RUxfVEVTVF9JTUdfVEFHPWxvY2FsCgoKYmVmb3JlX2luc3RhbGw6CiAgLSBk
b2NrZXIgYnVpbGQgLXQ9ImVsZ2FsdS9zZWxlbml1bS10ZXN0OiR7U0VMX1RF
U1RfSU1HX1RBR30iIC4KICAtIGRvY2tlciBwdWxsIGVsZ2FsdS9zZWxlbml1
bToke1NFTF9JTUdfVEFHfQoKaW5zdGFsbDoKICAtIGRvY2tlciBydW4gLS1w
cml2aWxlZ2VkIC0tbmFtZT1teXNlbGVuaXVtIC1kIC1lIFdBSVRfVElNRU9V
VD0yMHMgLWUgVklERU89dHJ1ZSBlbGdhbHUvc2VsZW5pdW06JHtTRUxfSU1H
X1RBR30KICAtIGRvY2tlciBleGVjIG15c2VsZW5pdW0gd2FpdF9hbGxfZG9u
ZSA0MHMgfHwgdHJ1ZQogIC0gZG9ja2VyIGV4ZWMgbXlzZWxlbml1bSBlcnJv
cnMgfHwgdHJ1ZQogIC0gZG9ja2VyIGxvZ3MgbXlzZWxlbml1bQoKc2NyaXB0
OgogIC0gZG9ja2VyIHJ1biAtLXByaXZpbGVnZWQgLS1ybSAtdGkgLS1uYW1l
PW15dGVzdCAtLWxpbmsgbXlzZWxlbml1bTpzZWwgZWxnYWx1L3NlbGVuaXVt
LXRlc3Q6JHtTRUxfVEVTVF9JTUdfVEFHfQogIC0gYmFzaCBjb2RlX3J1bi5z
aAoKCmFmdGVyX3NjcmlwdDoKICAtIGRvY2tlciBzdG9wIG15c2VsZW5pdW0K
ICAtIGRvY2tlciBybSBteXNlbGVuaXVtCn4gICAgICAgICAgICAgICAgICAg
ICAgICAgICAgCg==
"
b'fineract-cn-oracledb',183571337,b'Apache Fineract CN library to multi-tenant persistence of data and migrations in Oracle DB https://fineract.apache.org/',b'Java',0,0,,0,"IyBBcGFjaGUgRmluZXJhY3QgQ04gT3JhY2xlIERCCgojIyBBYnN0cmFjdApB
cGFjaGUgRmluZXJhY3QgQ04gaXMgYW4gYXBwbGljYXRpb24gZnJhbWV3b3Jr
IGZvciBkaWdpdGFsIGZpbmFuY2lhbCBzZXJ2aWNlcywgYSBzeXN0ZW0gdG8g
c3VwcG9ydCBuYXRpb253aWRlIGFuZCBjcm9zcy1uYXRpb25hbCBmaW5hbmNp
YWwgdHJhbnNhY3Rpb25zIGFuZCBoZWxwIHRvIGxldmVsIGFuZCBzcGVlZCB0
aGUgY3JlYXRpb24gb2YgYW4gaW5jbHVzaXZlLCBpbnRlcmNvbm5lY3RlZCBk
aWdpdGFsIGVjb25vbXkgZm9yIGV2ZXJ5IG5hdGlvbiBpbiB0aGUgd29ybGQu
CgojIyBQcmVyZXF1aXNpdGVzCiMjIyBSdW50aW1lCkluc3RhbGwgSmF2YSA4
IGFzIGRlc2NyaWJlZCBhdCBodHRwczovL2RvY3Mub3JhY2xlLmNvbS9qYXZh
c2UvOC9kb2NzL3RlY2hub3Rlcy9ndWlkZXMvaW5zdGFsbC9pbnN0YWxsX292
ZXJ2aWV3Lmh0bWwuCgojIyMgSW5zdGFsbGF0aW9uCkluc3RhbGwgT3JhY2xl
REIgYXMgZGVzY3JpYmVkIGF0IGh0dHBzOi8vZG9jcy5vcmFjbGUuY29tL2Rh
dGFiYXNlLzEyMS9MQURCSS90b2MuaHRtLgoKQWZ0ZXIgaW5zdGFsbGF0aW9u
IHlvdSBuZWVkIHRvIGNyZWF0ZSB0aGUgbWV0YSBkYXRhYmFzZToKICAgCiAg
ICBDUkVBVEUgREFUQUJBU0UgSUYgTk9UIEVYSVNUUyBzeXN0ZW1fY29uc29s
ZTsKICAgIAojIyBNdWx0aS10ZW5hbmN5Ck11bHRpLXRlbmFuY3kgaXMgcmVh
Y2hlZCBieSBwcm92aWRpbmcgc2VwYXJhdGUgZGF0YSBzdG9yYWdlIG9uIGEg
cGVyIHRlbmFudCBiYXNpcy4KCkZvciBldmVyeSB0ZW5hbnQgYSBuZXcgZGF0
YWJhc2UgaW5zdGFuY2UgaXMgY3JlYXRlZCBpbnRlcm5hbGx5LiBBIHRlbmFu
dCBhd2FyZSBjb21wb25lbnQgcHJvdmlkZXMgdHJhbnNwYXJlbnQgYWNjZXNz
IHRvIHRoZXNlIHJlc291cmNlcy4KCiMjIFZlcnNpb25pbmcKVGhlIHZlcnNp
b24gbnVtYmVycyBmb2xsb3cgdGhlIFtTZW1hbnRpYyBWZXJzaW9uaW5nXSho
dHRwOi8vc2VtdmVyLm9yZy8pIHNjaGVtZS4KCkluIGFkZGl0aW9uIHRvIE1B
Sk9SLk1JTk9SLlBBVENIIHRoZSBmb2xsb3dpbmcgcG9zdGZpeGVzIGFyZSB1
c2VkIHRvIGluZGljYXRlIHRoZSBkZXZlbG9wbWVudCBzdGF0ZS4KCiogQlVJ
TEQtU05BUFNIT1QgLSBBIHJlbGVhc2UgY3VycmVudGx5IGluIGRldmVsb3Bt
ZW50LiAKKiBSRUxFQVNFIC0gX0dlbmVyYWwgYXZhaWxhYmlsaXR5XyBpbmRp
Y2F0ZXMgdGhhdCB0aGlzIHJlbGVhc2UgaXMgdGhlIGJlc3QgYXZhaWxhYmxl
IHZlcnNpb24gYW5kIGlzIHJlY29tbWVuZGVkIGZvciBhbGwgdXNhZ2UuCgpU
aGUgdmVyc2lvbmluZyBsYXlvdXQgaXMge01BSk9SfS57TUlOT1J9LntQQVRD
SH0te0lORElDQVRPUn1bLntQQVRDSH1dLiBPbmx5IG1pbGVzdG9uZXMgYW5k
IHJlbGVhc2UgY2FuZGlkYXRlcyBjYW4gIGhhdmUgcGF0Y2ggdmVyc2lvbnMu
IFNvbWUgZXhhbXBsZXM6CgoxLjIuMy1CVUlMRC1TTkFQU0hPVCAgCjEuMy41
LVJFTEVBU0UKCiMjIExpY2Vuc2UKU2VlIFtMSUNFTlNFXShMSUNFTlNFKSBm
aWxlLgo=
","IwojIExpY2Vuc2VkIHRvIHRoZSBBcGFjaGUgU29mdHdhcmUgRm91bmRhdGlv
biAoQVNGKSB1bmRlciBvbmUKIyBvciBtb3JlIGNvbnRyaWJ1dG9yIGxpY2Vu
c2UgYWdyZWVtZW50cy4gIFNlZSB0aGUgTk9USUNFIGZpbGUKIyBkaXN0cmli
dXRlZCB3aXRoIHRoaXMgd29yayBmb3IgYWRkaXRpb25hbCBpbmZvcm1hdGlv
bgojIHJlZ2FyZGluZyBjb3B5cmlnaHQgb3duZXJzaGlwLiAgVGhlIEFTRiBs
aWNlbnNlcyB0aGlzIGZpbGUKIyB0byB5b3UgdW5kZXIgdGhlIEFwYWNoZSBM
aWNlbnNlLCBWZXJzaW9uIDIuMCAodGhlCiMgIkxpY2Vuc2UiKTsgeW91IG1h
eSBub3QgdXNlIHRoaXMgZmlsZSBleGNlcHQgaW4gY29tcGxpYW5jZQojIHdp
dGggdGhlIExpY2Vuc2UuICBZb3UgbWF5IG9idGFpbiBhIGNvcHkgb2YgdGhl
IExpY2Vuc2UgYXQKIwojICAgaHR0cDovL3d3dy5hcGFjaGUub3JnL2xpY2Vu
c2VzL0xJQ0VOU0UtMi4wCiMKIyBVbmxlc3MgcmVxdWlyZWQgYnkgYXBwbGlj
YWJsZSBsYXcgb3IgYWdyZWVkIHRvIGluIHdyaXRpbmcsCiMgc29mdHdhcmUg
ZGlzdHJpYnV0ZWQgdW5kZXIgdGhlIExpY2Vuc2UgaXMgZGlzdHJpYnV0ZWQg
b24gYW4KIyAiQVMgSVMiIEJBU0lTLCBXSVRIT1VUIFdBUlJBTlRJRVMgT1Ig
Q09ORElUSU9OUyBPRiBBTlkKIyBLSU5ELCBlaXRoZXIgZXhwcmVzcyBvciBp
bXBsaWVkLiAgU2VlIHRoZSBMaWNlbnNlIGZvciB0aGUKIyBzcGVjaWZpYyBs
YW5ndWFnZSBnb3Zlcm5pbmcgcGVybWlzc2lvbnMgYW5kIGxpbWl0YXRpb25z
CiMgdW5kZXIgdGhlIExpY2Vuc2UuCiMKCmxhbmd1YWdlOiBqYXZhCmpkazoK
IC0gb3JhY2xlamRrOA==
"
b'ansible-homebrew',48716054,"b'Ansible role that installs homebrew, manages packages, and manages cask applications.'",,0,1,,1,"IyBhbnNpYmxlLWhvbWVicmV3CgpbIVtCdWlsZCBTdGF0dXNdKGh0dHBzOi8v
dHJhdmlzLWNpLm9yZy9vc3hzdHJhcC9hbnNpYmxlLWhvbWVicmV3LnN2Zz9i
cmFuY2g9bWFzdGVyKV0oaHR0cHM6Ly90cmF2aXMtY2kub3JnL29zeHN0cmFw
L2Fuc2libGUtaG9tZWJyZXcpCgpJbnN0YWxscyBob21lYnJldyBvbiBPU1gs
IG1hbmFnZXMgcGFja2FnZXMsIGFuZCBtYW5hZ2VzIGNhc2sgYXBwbGljYXRp
b25zLgoKIyMgUmVxdWlyZW1lbnRzCgojIyBSb2xlIFZhcmlhYmxlcwoKQXZh
aWxhYmxlIHZhcmlhYmxlcyBhcmUgbGlzdGVkIGJlbG93LCBhbG9uZyB3aXRo
IGRlZmF1bHQgdmFsdWVzOgoKCSMgUGF0aCB0byBpbnN0YWxsIGhvbWVicmV3
IGluCgoJaG9tZWJyZXdfaW5zdGFsbF9wYXRoOiAvdXNyL2xvY2FsCgoJIyBQ
YXRoIHRvIGNvcHkgaG9tZWJyZXcncyBicmV3IGNvbW1hbmQgdG8KCglob21l
YnJld19icmV3X2Jpbl9wYXRoOiAvdXNyL2xvY2FsL2JpbgoKCSMgUGF0aCB0
byBpbnN0YWxsIGhvbWVicmV3IGNhc2tzIGluCgoJaG9tZWJyZXdfY2Fza19h
cHBkaXI6IC9BcHBsaWNhdGlvbnMKCgkjIFVwZ3JhZGUgYWxsIGhvbWVicmV3
IHBhY2thZ2VzCgoJaG9tZWJyZXdfdXBncmFkZV9hbGxfcGFja2FnZXM6IG5v
CgoJIyBIb21lYnJldyB0YXBzIHdlIHByb2JhYmx5IGRvbid0CgkjIHdhbnQg
b3ZlcndyaXR0ZW4uCgoJYmFzZV9ob21lYnJld190YXBzOgoJICAtIGhvbWVi
cmV3L2R1cGVzCgkgIC0gY2Fza3Jvb20vY2FzawoJICAtIGNhc2tyb29tL3Zl
cnNpb25zCgoJIyBIb21lYnJldyB0YXBzIHRvIHRhcAoKCWhvbWVicmV3X3Rh
cHM6IFtdCgoJIyBIb21lYnJldyBwYWNrYWdlcyB0byBpbnN0YWxsCgoJaG9t
ZWJyZXdfcGFja2FnZXM6IFtdCgoJIyBIb21lYnJldyBjYXNrIGFwcHMgdG8g
aW5zdGFsbAoKCWhvbWVicmV3X2Nhc2tfYXBwczogW10KCgkjIEZvcmNlIEhv
bWVicmV3IGluc3RhbGwgCgoJaG9tZWJyZXdfZm9yY2VfaW5zdGFsbDogZmFs
c2UKCgkjIEZvcmNlIEhvbWVicmV3IHVwZGF0ZQoKCWhvbWVicmV3X2ZvcmNl
X3VwZGF0ZTogZmFsc2UKCiMjIERlcGVuZGVuY2llcwoKIyMgRXhhbXBsZSBQ
bGF5Ym9vawoKICAgIC0gaG9zdHM6IGFsbAogICAgICByb2xlczoKICAgICAg
ICAtIHsgcm9sZTogamVyZW15bHRuLmhvbWVicmV3IH0KCiMjIExpY2Vuc2UK
Ck1JVAoKIyMgQ3JlZGl0cwoKQmFzZWQgb24gaHR0cHM6Ly9naXRodWIuY29t
L2dlZXJsaW5nZ3V5L2Fuc2libGUtcm9sZS1ob21lYnJldyBmb3Igb3N4c3Ry
YXAuIFVzZXMgaW5zdGFsbCBtZXRob2QgZm91bmQgYXQgaHR0cHM6Ly9naXRo
dWIuY29tL2Rpcm4vYW5zaWJsZS1ob21lYnJldy9ibG9iL21hc3Rlci90YXNr
cy9tYWluLnltbCB0byBmaXggZXJyb3JzIHdoZW4gYC91c3IvbG9jYWxgIGFs
cmVhZHkgZXhpc3RzLgo=
","LS0tCi0gaG9zdHM6IDEyNy4wLjAuMQogIGNvbm5lY3Rpb246IGxvY2FsCiAg
dmFyczoKICAgIGhvbWVicmV3X2luc3RhbGxlZF9wYWNrYWdlczogWydub2Rl
J10KICAgIGhvbWVicmV3X2Nhc2tfYXBwczogWydnb29nbGUtY2hyb21lJ10K
ICByb2xlczoKICAgIC0gYW5zaWJsZS1ob21lYnJldw==
"
b'eventador',10693268,b'Launch an event in no time with a Lamborghini...website!',b'JavaScript',0,0,,0,"IyBHZW5lcmF0b3ItZXZlbnRhZG9yClshW0J1aWxkIFN0YXR1c10oaHR0cDov
L2YuY2wubHkvaXRlbXMvMUgxRzBQM3AwZjFHMW4ydDI1MXQvYXZlbnRhZG9y
LnBuZyldKGh0dHBzOi8vdHJhdmlzLWNpLm9yZy9KYW1pbHR6L2dlbmVyYXRv
ci1ldmVudGFkb3IpCgpBIGdlbmVyYXRvciBmb3IgWWVvbWFuLiBHZXQgYW4g
ZXZlbnQgcGFnZSBvbmxpbmUgZmFzdGVyIHRoYW4gdGhlIHNwZWVkIG9mIGxp
Z2h0LgoKIyMgR2V0dGluZyBzdGFydGVkCi0gTWFrZSBzdXJlIHlvdSBoYXZl
IFt5b10oaHR0cHM6Ly9naXRodWIuY29tL3llb21hbi95bykgaW5zdGFsbGVk
OgogICAgYG5wbSBpbnN0YWxsIC1nIHlvYAotIEluc3RhbGwgdGhlIGdlbmVy
YXRvcjogYG5wbSBpbnN0YWxsIC1nIGdlbmVyYXRvci1ldmVudGFkb3JgCi0g
UnVuOiBgeW8gZXZlbnRhZG9yYAoKIyNHcnVudCBUYXNrcwotIFRvIHN0YXJ0
IGEgbG9jYWwgc2VydmVyIHdpdGggbGl2ZXJlbG9hZDogYGdydW50IHNlcnZl
cmAKLSBDb252ZXJ0IE1hcmtEb3duIGRvY3VtZW50cyB0byBIVE1MOiBgZ3J1
bnQgbWQyaHRtbGAKCiMjIExpY2Vuc2UKW01JVCBMaWNlbnNlXShodHRwOi8v
ZW4ud2lraXBlZGlhLm9yZy93aWtpL01JVF9MaWNlbnNlKQo=
","bGFuZ3VhZ2U6IG5vZGVfanMKbm9kZV9qczoKICAtICcwLjgnCiAgLSAnMC4x
MCcK
"
b'jfh-gatsby',80446510,b'The personal website of Jon Heslop.',b'JavaScript',0,0,,0,"IyBKRkgKClRoZSBwZXJzb25hbCB3ZWJzaXRlIG9mIEpvbiBIZXNsb3AsIHJ1
bm5pbmcgb24gW0dhdHNieV0oaHR0cHM6Ly9naXRodWIuY29tL2dhdHNieWpz
L2dhdHNieSkgd2l0aCBhIGN1c3RvbWlzZWQgdmVyc2lvbiBvZiB0aGUgW0x1
bWVuIFRoZW1lXShodHRwczovL2dpdGh1Yi5jb20vd3Bpb25lZXIvZ2F0c2J5
LXN0YXJ0ZXItbHVtZW4pCg==
","IyBiYWNrIHRvIGxhbmd1YWdlIGNwcCB0byB0cnkgdG8gYnlwYXNzIG9zeCBu
b2RlIGZhaWx1cmUKbGFuZ3VhZ2U6IGNwcApzdWRvOiBmYWxzZQplbnY6CiAg
LSBleHBvcnQgTk9ERV9WRVJTSU9OPSIwLjEwIgogIC0gZXhwb3J0IE5PREVf
VkVSU0lPTj0iMC4xMiIKICAtIGV4cG9ydCBOT0RFX1ZFUlNJT049IjQiCiAg
LSBleHBvcnQgTk9ERV9WRVJTSU9OPSI1IgpvczoKICAtIGxpbnV4CiAgLSBv
c3gKIyBwcmUtaW5zdGFsbCB0byBicmluZyBpbiB0aGUgY29ycmVjdCB2ZXJz
aW9uIG9mIG5vZGUgdmlhIG52bQpiZWZvcmVfaW5zdGFsbDoKICAtIGdpdCBz
dWJtb2R1bGUgdXBkYXRlIC0taW5pdCAtLXJlY3Vyc2l2ZQogIC0gZ2l0IGNs
b25lIGh0dHBzOi8vZ2l0aHViLmNvbS9jcmVhdGlvbml4L252bS5naXQgLi8u
bnZtCiAgLSBzb3VyY2UgLi8ubnZtL252bS5zaAogIC0gbnZtIGluc3RhbGwg
JE5PREVfVkVSU0lPTgogIC0gbnZtIHVzZSAkTk9ERV9WRVJTSU9OCiAgLSBu
cG0gY29uZmlnIHNldCBweXRob24gYHdoaWNoIHB5dGhvbmAKICAtIGlmIFsg
JFRSQVZJU19PU19OQU1FID09ICJsaW51eCIgXTsgdGhlbgogICAgICBleHBv
cnQgQ0M9ImdjYy00LjgiOwogICAgICBleHBvcnQgQ1hYPSJnKystNC44IjsK
ICAgICAgZXhwb3J0IExJTks9ImdjYy00LjgiOwogICAgICBleHBvcnQgTElO
S1hYPSJnKystNC44IjsKICAgIGZpCiAgLSBnY2MgLS12ZXJzaW9uCiAgLSBn
KysgLS12ZXJzaW9uCiMgbm9kZSA0IGRlcGVuZHMgb24gZ2NjIDQuOAphZGRv
bnM6CiAgYXB0OgogICAgc291cmNlczoKICAgIC0gdWJ1bnR1LXRvb2xjaGFp
bi1yLXRlc3QKICAgIHBhY2thZ2VzOgogICAgLSBnKystNC44CiAgICAtIGdj
Yy00LjgKIyBzY3JpcHQgbmVlZGVkIHRvIHRlc3QsIGJlY2F1c2UgZGVmYXVs
dHMgZG9uJ3Qgd29yayBvbiBvc3gKc2NyaXB0OgogIC0gbnBtIGluc3RhbGwK
ICAtIG5wbSBydW4gbGludAo=
"
b'ourTest',82628221,b'Our test file',b'HTML',0,0,,0,"IyBvdXJUZXN0Ck91ciB0ZXN0IGZpbGUK
","MTIz
"
b'endpoints-quickstart',90290343,b'Cloud Endpoints Quickstart Scripts',b'Shell',2,27,,27,"IyMgQ2xvdWQgRW5kcG9pbnRzIFF1aWNrc3RhcnQgU2NyaXB0cwoKVGhlc2Ug
c2NyaXB0cyBoZWxwIHlvdSBnZXQgc3RhcnRlZCB3aXRoIFtHb29nbGUgQ2xv
dWQgRW5kcG9pbnRzXShodHRwczovL2Nsb3VkLmdvb2dsZS5jb20vZW5kcG9p
bnRzLykKcXVpY2tseSBhbmQgZWFzaWx5LiBUaGV5IGFyZSBkZXNpZ25lZCBm
b3IgdXNlIHdpdGggdGhlCltFbmRwb2ludHMKUXVpY2tzdGFydCBHdWlkZV0o
aHR0cHM6Ly9jbG91ZC5nb29nbGUuY29tL2VuZHBvaW50cy9kb2NzL3F1aWNr
c3RhcnQtZW5kcG9pbnRzKS4KClRoZSBpbmNsdWRlZCBBUEkgbGV0cyB5b3Ug
cXVlcnkgdGhlIG5hbWUgb2YgYW4gYWlycG9ydCBmcm9tIGl0cwp0aHJlZS1s
ZXR0ZXIgSUFUQSBjb2RlLgoKKlRoaXMgaXMgYW4gZXhhbXBsZSBhcHBsaWNh
dGlvbiwgbm90IGFuIG9mZmljaWFsIEdvb2dsZSBwcm9kdWN0LioKCiMjIEJl
Zm9yZSB5b3UgYmVnaW4KCjEuIENyZWF0ZSBhIG5ldwpbQ2xvdWQgUGxhdGZv
cm0gcHJvamVjdF0oaHR0cHM6Ly9jb25zb2xlLmNsb3VkLmdvb2dsZS5jb20v
cHJvamVjdGNyZWF0ZSkuCgoxLiBbRW5hYmxlIGJpbGxpbmddKGh0dHBzOi8v
c3VwcG9ydC5nb29nbGUuY29tL2Nsb3VkL2Fuc3dlci82MjkzNDk5I2VuYWJs
ZS1iaWxsaW5nKQogICBmb3IgeW91ciBwcm9qZWN0LgoKIyMgUnVubmluZyB0
aGUgc2NyaXB0cwoKIyMjIE9wdGlvbiAxOiBVc2UgR29vZ2xlIENsb3VkIFNo
ZWxsCgoxLiBPcGVuIHRoZSBbR29vZ2xlIENsb3VkIFBsYXRmb3JtCiAgIENv
bnNvbGVdKGh0dHBzOi8vY29uc29sZS5jbG91ZC5nb29nbGUuY29tLz9fZ2E9
MS4zODE5MTU4Ny4xNTAwODcwNTk4LjE0ODk0NDM0ODcpLgoKMS4gQ2xpY2sg
dGhlIENsb3VkIFNoZWxsIGljb24gYXQgdGhlIHRvcCBvZiB0aGUgc2NyZWVu
LgohW0Nsb3VkIFNoZWxsXShodHRwczovL2Nsb3VkLmdvb2dsZS5jb20vc2hl
bGwvZG9jcy9pbWFnZXMvc2hlbGxfaWNvbi5wbmcpCgojIyMgT3B0aW9uIDI6
IFRlc3QgTG9jYWxseSBpbiBMaW51eCBvciBNYWMgT1MgWAoKKlRoZXNlIHNj
cmlwdHMgd2lsbCBub3Qgd29yayBpbiBXaW5kb3dzLiBJZiB5b3UgaGF2ZSBh
IFdpbmRvd3MgbWFjaGluZSwgd2UKcmVjb21tZW5kIHlvdSB1c2UgR29vZ2xl
IENsb3VkIFNoZWxsLioKCjEuICBEb3dubG9hZCBhbmQgaW5zdGFsbCB0aGUg
W0dvb2dsZSBDbG91ZAogICAgU0RLXShodHRwczovL2Nsb3VkLmdvb2dsZS5j
b20vc2RrL2RvY3MvKSwgd2hpY2ggaW5jbHVkZXMgdGhlCiAgICBbZ2Nsb3Vk
XShodHRwczovL2Nsb3VkLmdvb2dsZS5jb20vc2RrL2djbG91ZC8pIGNvbW1h
bmQtbGluZSB0b29sLgoKMS4gIEluaXRpYWxpemUgdGhlIENsb3VkIFNESy4K
CiAgICAgICAgZ2Nsb3VkIGluaXQKCjEuICBTZXQgeW91ciBkZWZhdWx0IHBy
b2plY3QgKHJlcGxhY2UgWU9VUi1QUk9KRUNULUlEIHdpdGggdGhlIG5hbWUg
b2YgeW91cgogICAgcHJvamVjdCkuCgogICAgICAgIGdjbG91ZCBjb25maWcg
c2V0IHByb2plY3QgWU9VUi1QUk9KRUNULUlECgojIyBVc2FnZQoKICAgIGNk
IHNjcmlwdHMKICAgIC4vZGVwbG95X2FwaS5zaDsgOiBEZXBsb3kgdGhlIEFQ
SS4KICAgIC4vZGVwbG95X2FwcC5zaDsgOiBEZXBsb3kgdGhlIGJhY2tlbmQg
YXBwLgogICAgLi9xdWVyeV9hcGkuc2g7IDogUXVlcnkgdGhlIEFQSS4KICAg
IC4vZ2VuZXJhdGVfdHJhZmZpYy5zaDsgOiBTZW5kIHRyYWZmaWMgdG8gdGhl
IEFQSS4KICAgIC4vZ2VuZXJhdGVfdHJhZmZpYy5zaCBBU0RGOyA6IFNlbmQg
ZXJyb3IgdHJhZmZpYyB0byB0aGUgQVBJLgogICAgIyBBbmQgYWZ0ZXIgeW91
J3JlIGRvbmUuLi4KICAgIC4vZGVsZXRlX3Byb2plY3Quc2g7IDogRGVsZXRl
IHlvdXIgcHJvamVjdC4KCipOb3RlOiB0aGVzZSBzY3JpcHRzIHdpbGwgY3Jl
YXRlIGFuIEFwcCBFbmdpbmUgcHJvamVjdCBhbmQgZGVwbG95IGFuIGFwcCEq
CgojIyBMaWNlbnNpbmcKClNlZSBbTElDRU5TRV0oTElDRU5TRSkuCgojIyBT
cGVjaWFsIFRoYW5rcwoKVGhhbmtzIHRvIFtEYXZpZCBNZWdnaW5zb25dKGh0
dHA6Ly9vdXJhaXJwb3J0cy5jb20vYWJvdXQuaHRtbCNjcmVkaXRzKSBmb3IK
cHJvdmlkaW5nIHRoZSBhaXJwb3J0IGRhdGEhCg==
","IyBDb3B5cmlnaHQgMjAxNyBHb29nbGUgSW5jLiBBbGwgUmlnaHRzIFJlc2Vy
dmVkLgojCiMgTGljZW5zZWQgdW5kZXIgdGhlIEFwYWNoZSBMaWNlbnNlLCBW
ZXJzaW9uIDIuMCAodGhlICJMaWNlbnNlIik7CiMgeW91IG1heSBub3QgdXNl
IHRoaXMgZmlsZSBleGNlcHQgaW4gY29tcGxpYW5jZSB3aXRoIHRoZSBMaWNl
bnNlLgojIFlvdSBtYXkgb2J0YWluIGEgY29weSBvZiB0aGUgTGljZW5zZSBh
dAojCiMgICAgIGh0dHA6Ly93d3cuYXBhY2hlLm9yZy9saWNlbnNlcy9MSUNF
TlNFLTIuMAojCiMgVW5sZXNzIHJlcXVpcmVkIGJ5IGFwcGxpY2FibGUgbGF3
IG9yIGFncmVlZCB0byBpbiB3cml0aW5nLCBzb2Z0d2FyZQojIGRpc3RyaWJ1
dGVkIHVuZGVyIHRoZSBMaWNlbnNlIGlzIGRpc3RyaWJ1dGVkIG9uIGFuICJB
UyBJUyIgQkFTSVMsCiMgV0lUSE9VVCBXQVJSQU5USUVTIE9SIENPTkRJVElP
TlMgT0YgQU5ZIEtJTkQsIGVpdGhlciBleHByZXNzIG9yIGltcGxpZWQuCiMg
U2VlIHRoZSBMaWNlbnNlIGZvciB0aGUgc3BlY2lmaWMgbGFuZ3VhZ2UgZ292
ZXJuaW5nIHBlcm1pc3Npb25zIGFuZAojIGxpbWl0YXRpb25zIHVuZGVyIHRo
ZSBMaWNlbnNlLgoKbGFuZ3VhZ2U6IGJhc2gKYWRkb25zOgogIGFwdDoKICAg
IHNvdXJjZXM6CiAgICAjIEdyYWIgc2hlbGxjaGVjayBmcm9tIHRoZSBEZWJp
YW4gcmVwby4KICAgICMgaHR0cHM6Ly9naXRodWIuY29tL2tvYWxhbWFuL3No
ZWxsY2hlY2svd2lraS9UcmF2aXNDSQogICAgLSBkZWJpYW4tc2lkCiAgICBw
YWNrYWdlczoKICAgIC0gc2hlbGxjaGVjawpzY3JpcHQ6IC4vdHJhdmlzLnNo
CmJyYW5jaGVzOgogIG9ubHk6CiAgLSBtYXN0ZXIK
"
b'generator-melionic',118047126,"b'\xf0\x9f\x90\xba MELIONIC - A fast, simple and powerful Yeoman Static Site, Blog and GitHub Pages generator designed for Jekyll'",b'JavaScript',0,0,,0,"PHAgYWxpZ249ImNlbnRlciI+CiAgPGltZyBzcmM9ImltYWdlcy9tZWxpb25p
Yy5wbmciIGFsdD0iTWVsaW9uaWMgTG9nbyIgdGl0bGU9Ik1lbGlvbmljIExv
Z28iPgo8L3A+CgojIEludHJvZHVjaW5nIPCfkLogTWVsaW9uaWMgLSBQb3dl
cmVkIGJ5IFJ1YnkKCiMjIEEgZmFzdCwgc2ltcGxlIGFuZCBwb3dlcmZ1bCBZ
ZW9tYW4gU3RhdGljIFNpdGUsIEJsb2cgYW5kIEdpdEh1YiBQYWdlcyBnZW5l
cmF0b3IgZGVzaWduZWQgZm9yIEpla3lsbAoKTWVsaW9uaWMgaXMgYSBibGF6
aW5nIGZhc3QgYW5kIG1vZGVybiBTdGF0aWMgU2l0ZSwgQmxvZyBhbmQgR2l0
SHViIFBhZ2VzIGdlbmVyYXRvciBidWlsdCB3aXRoIFllb21hbiBhbmQgZGVz
aWduZWQgZm9yIEpla3lsbC4gSXQgaXMgZGVzaWduZWQgdG8gbWFrZSB3ZWJz
aXRlIGNyZWF0aW9uIHNpbXBsZSAKClNpbXBseSBkZXNpZ25lZCB0byBmaXQg
eW91ciB3ZWIgbGlmZS4KCjxhIGhyZWY9Imh0dHBzOi8vZ2l0aHViLmNvbS9N
ZWxpb25pYy9nZW5lcmF0b3ItbWVsaW9uaWMvcmVsZWFzZXMvbGF0ZXN0Ij5E
b3dubG9hZCBNZWxpb25pYzwvYT4KClshW25wbSB2ZXJzaW9uXShodHRwczov
L2JhZGdlLmZ1cnkuaW8vanMvbWVsaW9uaWMuc3ZnKV0oaHR0cHM6Ly9iYWRn
ZS5mdXJ5LmlvL2pzL2dlbmVyYXRvci1tZWxpb25pYykKWyFbUGFja2FnaXN0
XShodHRwczovL2ltZy5zaGllbGRzLmlvL2JhZGdlL2xpY2Vuc2UtTUlULWJs
dWUuc3ZnKV0oaHR0cHM6Ly9nZW5lcmF0b3ItbWVsaW9uaWMuZ2l0aHViLmlv
L2xpY2Vuc2UpClshW0dpdGh1YiBSZWxlYXNlc10oaHR0cHM6Ly9pbWcuc2hp
ZWxkcy5pby9naXRodWIvZG93bmxvYWRzL2F0b20vYXRvbS9sYXRlc3QvdG90
YWwuc3ZnKV0oaHR0cHM6Ly9naXRodWIuY29tL01lbGlvbmljL2dlbmVyYXRv
ci1tZWxpb25pYykKCgojIyBUYWJsZSBvZiBjb250ZW50cwoKLSAgIFtHZXR0
aW5nIFN0YXJ0ZWRdKCNnZXR0aW5nLXN0YXJ0ZWQpCi0gICBbV2hhdCdzIGlu
IHRoZSBib3hdKCN3aGF0cy1pbi10aGUtYm94KQotICAgW0FsdGVybmF0ZSBD
RE5zXSgjYWx0ZXJuYXRlLWNkbnMpCi0gICBbQnVpbHQgV2l0aF0oI2J1aWx0
LXdpdGgpCi0gICBbQ29udHJpYnV0aW5nXSgjY29udHJpYnV0aW5nKQotICAg
W0NvZGUgb2YgQ29uZHVjdF0oI2NvZGUtb2YtY29uZHVjdCkKLSAgIFtPdXIg
VmFsdWVzXSgjb3VyLXZhbHVlcykKLSAgIFtIaXN0b3J5XSgjaGlzdG9yeSkK
LSAgIFtMaWNlbnNlXSgjbGljZW5zZSkKLSAgIFtBY2tub3dsZWRnbWVudHNd
KCNhY2tub3dsZWRnbWVudHMpCgojIyBHZXR0aW5nIFN0YXJ0ZWQKCkEgZmV3
IG9wdGlvbnMgYXJlIGF2YWlsYWJsZToKCi0gICBEb3dubG9hZCB0aGUgbGF0
ZXN0IFtyZWxlYXNlXShodHRwczovL2dpdGh1Yi5jb20vTWVsaW9uaWMvZ2Vu
ZXJhdG9yLW1lbGlvbmljL3JlbGVhc2VzL2xhdGVzdCkKLSAgIE9yIHNpbXBs
eSBjbG9uZSB0aGUgbWFpbiByZXBvOiBgZ2l0IGNsb25lIGh0dHBzOi8vZ2l0
aHViLmNvbS9NZWxpb25pYy9nZW5lcmF0b3ItbWVsaW9uaWMuZ2l0YAoKIyMg
V2hhdCdzIGluIHRoZSBib3gKCldpdGhpbiB0aGUgcmVsZWFzZSB5b3UnbGwg
ZmluZCB0aGUgZm9sbG93aW5nIDoKCmBgYAoKYGBgCgojIyBCdWlsdCBXaXRo
Ci0gICBbWW9dKGh0dHBzOi8vZ2l0aHViLmNvbS95ZW9tYW4veW8pIC0gQ0xJ
IHRvb2wgZm9yIHJ1bm5pbmcgWWVvbWFuIGdlbmVyYXRvcnMKLSAgIFtKZWt5
bGxdKGh0dHBzOi8vZ2l0aHViLmNvbS9qZWt5bGwpIC0gSmVreWxsIGlzIGEg
YmxvZy1hd2FyZSwgc3RhdGljIHNpdGUgZ2VuZXJhdG9yIGluIFJ1YnkKLSAg
IFtOb2RlXShodHRwczovL25vZGVqcy5vcmcpIC0gTm9kZS5qcyBKYXZhU2Ny
aXB0IHJ1bnRpbWUKCiMjIENvbnRyaWJ1dGluZwoKUGxlYXNlIHJlYWQgY2Fy
ZWZ1bGx5IHRocm91Z2ggb3VyIFtDb250cmlidXRpbmcgR3VpZGVsaW5lc10o
aHR0cHM6Ly9naXRodWIuY29tL01lbGlvbmljL2dlbmVyYXRvci1tZWxpb25p
Yy9ibG9iL21hc3Rlci9DT05UUklCVVRJTkcubWQpIGZvciBmdXJ0aGVyIGRl
dGFpbHMgb24gdGhlIHByb2Nlc3MgZm9yIHN1Ym1pdHRpbmcgcHVsbCByZXF1
ZXN0cyB0byB1cy4KCiMjIENvZGUgb2YgQ29uZHVjdApXZSBhcmUgY29tbWl0
dGVkIHRvIHByZXNlcnZpbmcgYW5kIGZvc3RlcmluZyBhIGRpdmVyc2UsIHdl
bGNvbWluZyBjb21tdW5pdHkuIFBsZWFzZSByZWFkIG91ciBbQ29kZSBvZiBD
b25kdWN0XShodHRwczovL2dpdGh1Yi5jb20vTWVsaW9uaWMvZ2VuZXJhdG9y
LW1lbGlvbmljL2Jsb2IvbWFzdGVyL0NPREVfT0ZfQ09ORFVDVC5tZCkuCgoj
IyBPdXIgVmFsdWVzCjEuICBXZSBiZWxpZXZlIHBlcmZlY3Rpb24gbXVzdCBj
b25zaWRlciBldmVyeXRoaW5nLgoyLiAgV2UgdGFrZSBvdXIgcGFzc2lvbiBi
ZXlvbmQgQ29kZSBpbnRvIG91ciBkYWlseSBwcmFjdGljZXMuCjMuICBXZSBh
cmUganVzdCBvYnNlc3NlZCBhYm91dCBjcmVhdGluZyBhbmQgZGVsaXZlcmlu
ZyBleGNlcHRpb25hbCBzb2x1dGlvbnMuCgojIyBIaXN0b3J5CgoqICAgU2Vl
IFtNZWxpb25pYyBSZWxlYXNlXShodHRwczovL2dpdGh1Yi5jb20vTWVsaW9u
aWMvZ2VuZXJhdG9yLW1lbGlvbmljL3JlbGVhc2VzKSBsaXN0LgoKCiMjIExp
Y2Vuc2UKClRoaXMgcHJvamVjdCBpcyBsaWNlbnNlZCB1bmRlciB0aGUgTUlU
IExpY2Vuc2UgLSBzZWUgdGhlIFtMSUNFTlNFXShodHRwczovL2dpdGh1Yi5j
b20vTWVsaW9uaWMvZ2VuZXJhdG9yLW1lbGlvbmljL2Jsb2IvbWFzdGVyL0xJ
Q0VOU0UpIGZpbGUgZm9yIGRldGFpbHMKCiMjIEFja25vd2xlZGdtZW50cwoK
W01lbGlvbmljXShodHRwczovL21lbGlvbmljLmlvKSBpcyBiZWF1dGlmdWxs
eSBjcmFmdGVkIGJ5IHRoZXNlIHBlb3BsZSBhbmQgYSBidW5jaCBvZiBhd2Vz
b21lIFtjb250cmlidXRvcnNdKGh0dHBzOi8vZ2l0aHViLmNvbS9NZWxpb25p
Yy9nZW5lcmF0b3ItbWVsaW9uaWMvZ3JhcGhzL2NvbnRyaWJ1dG9ycykKClsh
W1NlYmFzdGllbiBSb3Vzc2VhdV0oaHR0cHM6Ly9hdmF0YXJzMC5naXRodWJ1
c2VyY29udGVudC5jb20vdS8xMzk0OTk4P3M9MTE3KV0oaHR0cDovL3NlYmFz
dGllbnJvdXNzZWF1LmNvbSkgfAp8Oi0tLToKW1NlYmFzdGllbiBSb3Vzc2Vh
dV0oaHR0cHM6Ly9naXRodWIuY29tL3NlYmFzdGllbnJvdXNzZWF1KSB8Cgoj
IyBBYm91dCBSZWVkaWEKLS0tLS0tLS0tLS0tLS0tLQoKIVtSZWVkaWFdKGh0
dHBzOi8vYXZhdGFyczAuZ2l0aHVidXNlcmNvbnRlbnQuY29tL3UvNDg4NzQ3
P3M9MjAwKQoKTWVsaW9uaWMgaXMgbWFpbnRhaW5lZCBhbmQgZnVuZGVkIGJ5
IFJlZWRpYS4K
","bGFuZ3VhZ2U6IHJ1YnkKY2FjaGU6CiAgYnVuZGxlcjogdHJ1ZQpydm06Ci0g
Mi40LjAKYmVmb3JlX2luc3RhbGw6Ci0gYnVuZGxlIGluc3RhbGwKc2NyaXB0
OgotICIuL2ltYWdlLW9wdGltaXNhdGlvbi5zaCIKYWZ0ZXJfc3VjY2VzczoK
LSAiLi9kZXBsb3kuc2giCmJyYW5jaGVzOgogIG9ubHk6CiAgLSBtYXN0ZXIK
ZW52OgogIGdsb2JhbDoKICAgIHNlY3VyZTogV09lck5jcXJqMHp4U3BVZUdX
RWd4SDI4OHcvQ2RkTUI3bHpuZmJscE1ENStwbmUwY1YySHpPUExHdW9MOWhw
RHY2ckVjMjFPSXBwOVo2K0ZldCt4OW9JZ1h6NkZOa1FQV05Rd3A3azN4dWQr
NXM2ZnlWQzI1QlFZRGVSOXRlMXBoYkJhWFY4YlJXMGV5UWRzUlNnL0dnaldK
THlmUmg3Sy94Si81bDJpYk1wSjNkZDNLSnRHZGV1dmY1OWtUSDhzdXJQME1P
NWZ6SlUwZC9tVnZGbk9FOWJuY0dObWhOVjZ6NVdvOWdYM2JrdTlWZ0UwOVA5
b3p5WkxMcFhzRVNBUE9UblRuQmt0Mk54RitPdFdHQmtkWG5Xck9CaHIvNEVO
TWVHUEdDYkNwWU1DblVSd2NMdHo1amFURFR4ZzFoVjBaSmJXUWdjcCtFUkV0
bGp1YzhNMytHR1pLUkE2bUNJT2x0dEpHVlJrNllPYUZZclE4R2NOeldqNEVD
T1lYdGk2UndKWFZYV1JvZXplRjV0NWsyQ01hdG9VcTBYbkp1bFIwN2ZHbHh4
UFdDbVZhbzgzR3RvWHQ1d0ZUVEEwdjZXUC90NGpCSFdUaDIxdStPanJGaTI4
UEsrdy9QMGIranJhcEh3cThXMXVuTkdLVHVlNnpLS3V0ZjJFeVFqeXdMQ3R1
K1FtK1k0MjZSNEQ3L1dWeGlCNUxNZnIzUW5ERXUyaEovQTF5amdpUVBBUUg4
ekYvOFpmUjlZVmhwNWFCRkl4VXpSem5sKzhiZ1VqdkhuT3ptMjN3elYwWVhi
ZXppN3JuekNnZkpxMGpIY0grZEUwbzZRUVY2T0szUDBRR0tGYWJVSUx0Y3JV
ZmlqNGc5VUViMjIwUTZUTEUrQzRTZTFwU1JnU3MvdVdpOHc9Cg==
"
b'Pemba',130263667,b'React UI library implementation',b'JavaScript',0,0,,0,"IDxkaXYgYWxpZ249ImNlbnRlciI+CiAgPGltZyB3aWR0aD0iMTIwcHgiIHNy
Yz0iaHR0cHM6Ly9naXRodWIuY29tL2NqamVua2luc29uL1BlbWJhL2Jsb2Iv
bWFzdGVyL2V4YW1wbGVzL3BlbWJhX2xvZ28ucG5nP3Jhdz10cnVlIiAvPgog
PC9kaXY+CiAKIyBQZW1iYQoKIyMjIyBNb3RpdmF0aW9uCgpUaGlzIHByb2pl
Y3QgaXMgYW5kIGNvbnRpbnVlcyB0byBiZSBhIGxlYXJuaW5nIGV4cGVyaWVu
Y2UgdG8gdW5kZXJzdGFuZCBob3cgdGhlIHRvb2xzIEkgdXNlIHRvIGJ1aWxk
IGNsaWVudCBzaWRlIGFwcGxpY2F0aW9ucyB3b3JrIHVuZGVyIHRoZSBob29k
IGFrYSBSZWFjdCwgUmVkdXggYW5kIHRoZSByZXN0Li4uCgpJdCBhbGwgc3Rh
cnRlZCBoZXJlOiBbcmVhY3QgZGlkYWN0XShodHRwczovL2dpdGh1Yi5jb20v
aGV4YWN0YS9kaWRhY3QpCgojIyBVc2VhZ2UKCuKYoO+4jyBEb24ndCB1c2Ug
aW4gcHJvZHVjdGlvbiBwcm9qZWN0cy4uLgoK
","bGFuZ3VhZ2U6IG5vZGVfanMKbm9kZV9qczoKICAtICc2JwpjYWNoZTogeWFy
bg==
"
